Date,USDJPY,EURJPY
2018-01-01,112.66600036621094,135.24000549316406
2018-01-02,112.7699966430664,135.44000244140625
2018-01-03,112.24400329589844,135.4010009765625
2018-01-04,112.60700225830078,135.23399353027344
2018-01-05,112.78299713134766,136.1219940185547
2018-01-08,113.15399932861328,136.2030029296875
2018-01-09,113.14099884033205,135.4340057373047
2018-01-10,112.75499725341795,134.5019989013672
2018-01-11,111.44400024414062,133.23699951171875
2018-01-12,111.29399871826172,134.01400756835938
2018-01-15,111.0999984741211,135.4499969482422
2018-01-16,110.58100128173828,135.65699768066406
2018-01-17,110.38800048828124,135.45199584960938
2018-01-18,111.3759994506836,135.69400024414062
2018-01-19,111.0260009765625,135.85000610351562
2018-01-22,110.68399810791016,135.64100646972656
2018-01-23,110.96600341796876,136.00100708007812
2018-01-24,110.10700225830078,135.53799438476562
2018-01-25,109.32599639892578,135.45899963378906
2018-01-26,109.7040023803711,135.9459991455078
2018-01-29,108.63899993896484,135.01400756835938
2018-01-30,108.9260025024414,134.85699462890625
2018-01-31,108.73200225830078,134.92599487304688
2018-02-01,109.20099639892578,135.60000610351562
2018-02-02,109.40599822998048,136.86199951171875
2018-02-05,110.03500366210938,136.9550018310547
2018-02-06,109.09500122070312,134.91900634765625
2018-02-07,109.6269989013672,135.72000122070312
2018-02-08,109.1959991455078,133.95599365234375
2018-02-09,108.52899932861328,133.06399536132812
2018-02-12,108.8000030517578,133.30299377441406
2018-02-13,108.69000244140624,133.71800231933594
2018-02-14,107.76399993896484,133.1199951171875
2018-02-15,106.58699798583984,132.87100219726562
2018-02-16,106.11100006103516,132.67300415039062
2018-02-19,106.26100158691406,131.88099670410156
2018-02-20,106.70899963378906,132.30099487304688
2018-02-21,107.38099670410156,132.45399475097656
2018-02-22,107.55500030517578,132.08999633789062
2018-02-23,106.81400299072266,131.66099548339844
2018-02-26,107.0739974975586,131.5590057373047
2018-02-27,107.06900024414062,131.86099243164062
2018-02-28,107.4260025024414,131.3780059814453
2018-03-01,106.63999938964844,130.0030059814453
2018-03-02,106.16300201416016,130.2729949951172
2018-03-05,105.55599975585938,129.97999572753906
2018-03-06,106.25,131.06900024414062
2018-03-07,105.53700256347656,131.03900146484375
2018-03-08,106.18599700927734,131.7989959716797
2018-03-09,106.40599822998048,130.947998046875
2018-03-12,106.89099884033205,131.56100463867188
2018-03-13,106.26000213623048,131.11599731445312
2018-03-14,106.50800323486328,131.98399353027344
2018-03-15,106.15499877929688,131.3699951171875
2018-03-16,106.30899810791016,130.82899475097656
2018-03-19,105.96900177001952,130.13999938964844
2018-03-20,105.99600219726562,130.77000427246094
2018-03-21,106.46900177001952,130.41000366210938
2018-03-22,105.9290008544922,130.78900146484375
2018-03-23,104.96800231933594,129.36900329589844
2018-03-26,104.85900115966795,129.54299926757812
2018-03-27,105.5,131.42100524902344
2018-03-28,105.49299621582033,130.83999633789062
2018-03-29,106.81199645996094,131.4669952392578
2018-03-30,106.47899627685548,130.9720001220703
2018-04-02,106.31199645996094,130.9029998779297
2018-04-03,105.79900360107422,130.0500030517578
2018-04-04,106.43599700927734,130.67799377441406
2018-04-05,106.77400207519533,131.19000244140625
2018-04-06,107.052001953125,131.14999389648438
2018-04-09,106.96800231933594,131.25900268554688
2018-04-10,106.7490005493164,131.5330047607422
2018-04-11,107.11299896240234,132.41700744628906
2018-04-12,106.8290023803711,132.16099548339844
2018-04-13,107.22200012207033,132.2010040283203
2018-04-16,107.4980010986328,132.57400512695312
2018-04-17,107.0459976196289,132.57400512695312
2018-04-18,107.01599884033205,132.406005859375
2018-04-19,107.34600067138672,132.8800048828125
2018-04-20,107.43199920654295,132.62399291992188
2018-04-23,107.86900329589844,132.38600158691406
2018-04-24,108.76100158691406,132.7790069580078
2018-04-25,108.8030014038086,133.14999389648438
2018-04-26,109.36399841308594,133.12100219726562
2018-04-27,109.3000030517578,132.35000610351562
2018-04-30,109.0979995727539,132.2480010986328
2018-05-01,109.322998046875,132.10899353027344
2018-05-02,109.87200164794922,131.78599548339844
2018-05-03,109.8270034790039,131.2469940185547
2018-05-04,109.09600067138672,130.7989959716797
2018-05-07,109.14600372314452,130.47500610351562
2018-05-08,108.94300079345705,130.00399780273438
2018-05-09,109.02400207519533,129.38400268554688
2018-05-10,109.84700012207033,130.1300048828125
2018-05-11,109.43599700927734,130.3939971923828
2018-05-14,109.33799743652344,130.67599487304688
2018-05-15,109.7310028076172,130.91200256347656
2018-05-16,110.2969970703125,130.3800048828125
2018-05-17,110.35900115966795,130.38499450683594
2018-05-18,110.8280029296875,130.68899536132812
2018-05-21,110.87999725341795,130.4600067138672
2018-05-22,110.97799682617188,130.8419952392578
2018-05-23,110.72599792480467,130.531005859375
2018-05-24,109.86900329589844,128.65499877929688
2018-05-25,109.31199645996094,128.13800048828125
2018-05-28,109.6230010986328,128.1320037841797
2018-05-29,109.38899993896484,127.18299865722656
2018-05-30,108.3939971923828,125.0459976196289
2018-05-31,108.71199798583984,126.80999755859376
2018-06-01,108.7490005493164,127.16000366210938
2018-06-04,109.5979995727539,127.87799835205078
2018-06-05,109.96299743652344,128.66099548339844
2018-06-06,109.85900115966795,128.8159942626953
2018-06-07,110.125,129.75
2018-06-08,109.69400024414062,129.35699462890625
2018-06-11,109.44300079345705,128.9600067138672
2018-06-12,110.38600158691406,129.96400451660156
2018-06-13,110.4520034790039,129.75100708007812
2018-06-14,110.24199676513672,130.1199951171875
2018-06-15,110.6449966430664,127.9749984741211
2018-06-18,110.61699676513672,128.2550048828125
2018-06-19,110.13800048828124,128.08799743652344
2018-06-20,110.0709991455078,127.55500030517578
2018-06-21,110.35199737548828,127.76799774169922
2018-06-22,109.9520034790039,127.60399627685548
2018-06-25,109.93699645996094,128.1959991455078
2018-06-26,109.64299774169922,128.28599548339844
2018-06-27,110.09700012207033,128.26100158691406
2018-06-28,110.21499633789062,127.4469985961914
2018-06-29,110.48600006103516,127.75
2018-07-02,110.70999908447266,129.25999450683594
2018-07-03,110.87100219726562,129.0679931640625
2018-07-04,110.40799713134766,128.718994140625
2018-07-05,110.5019989013672,128.86599731445312
2018-07-06,110.5790023803711,129.2899932861328
2018-07-09,110.4219970703125,129.76100158691406
2018-07-10,110.9530029296875,130.44000244140625
2018-07-11,110.83100128173828,129.9669952392578
2018-07-12,111.95800018310548,130.71400451660156
2018-07-13,112.66500091552734,131.427001953125
2018-07-16,112.39900207519533,131.25
2018-07-17,112.3740005493164,131.57699584960938
2018-07-18,113.01200103759766,131.68800354003906
2018-07-19,112.79100036621094,131.343994140625
2018-07-20,112.36299896240234,130.96099853515625
2018-07-23,111.0530014038086,130.39199829101562
2018-07-24,111.45999908447266,130.33399963378906
2018-07-25,111.24099731445312,129.98500061035156
2018-07-26,110.84500122070312,130.0959930419922
2018-07-27,111.14600372314452,129.4029998779297
2018-07-30,110.93399810791016,129.3489990234375
2018-07-31,110.99400329589844,129.9429931640625
2018-08-01,111.80799865722656,130.6580047607422
2018-08-02,111.62000274658205,130.1929931640625
2018-08-03,111.69000244140624,129.3939971923828
2018-08-06,111.23400115966795,128.60699462890625
2018-08-07,111.33999633789062,128.66000366210938
2018-08-08,111.34500122070312,129.1820068359375
2018-08-09,110.89199829101562,128.7480010986328
2018-08-10,111.09100341796876,127.9980010986328
2018-08-13,110.62899780273438,126.03800201416016
2018-08-14,110.66100311279295,126.16400146484376
2018-08-15,111.24600219726562,126.20999908447266
2018-08-16,110.57599639892578,125.40899658203124
2018-08-17,111.00399780273438,126.22000122070312
2018-08-20,110.4749984741211,126.33999633789062
2018-08-21,109.947998046875,126.33799743652344
2018-08-22,110.13400268554688,127.48300170898438
2018-08-23,110.58799743652344,128.10000610351562
2018-08-24,111.36699676513672,128.51600646972656
2018-08-27,111.28199768066406,129.62399291992188
2018-08-28,111.13700103759766,129.84500122070312
2018-08-29,111.16200256347656,129.95399475097656
2018-08-30,111.71199798583984,130.80599975585938
2018-08-31,110.9990005493164,129.47300720214844
2018-09-03,111.1439971923828,128.91200256347656
2018-09-04,111.08799743652344,129.0279998779297
2018-09-05,111.46099853515624,129.13999938964844
2018-09-06,111.4489974975586,129.66700744628906
2018-09-07,110.49500274658205,128.39100646972656
2018-09-10,110.91999816894533,128.22999572753906
2018-09-11,111.14800262451172,128.85699462890625
2018-09-12,111.60700225830078,129.40199279785156
2018-09-13,111.22000122070312,129.31100463867188
2018-09-14,112.01200103759766,130.95399475097656
2018-09-17,111.9530029296875,130.1649932861328
2018-09-18,111.69000244140624,130.3280029296875
2018-09-19,112.2770004272461,131.13099670410156
2018-09-20,112.31700134277344,131.11700439453125
2018-09-21,112.49500274658205,132.47500610351562
2018-09-24,112.52400207519533,132.19000244140625
2018-09-25,112.78600311279295,132.5500030517578
2018-09-26,112.96900177001952,132.88900756835938
2018-09-27,112.7040023803711,132.4010009765625
2018-09-28,113.35700225830078,131.91099548339844
2018-10-01,113.7959976196289,132.0570068359375
2018-10-02,113.9459991455078,131.91000366210938
2018-10-03,113.5770034790039,131.19400024414062
2018-10-04,114.48600006103516,131.38099670410156
2018-10-05,113.8939971923828,131.18499755859375
2018-10-08,113.71499633789062,131.02200317382812
2018-10-09,113.09700012207033,129.98800659179688
2018-10-10,112.9980010986328,130.0
2018-10-11,112.09200286865234,129.2779998779297
2018-10-12,112.08000183105467,129.90199279785156
2018-10-15,112.19200134277344,129.59100341796875
2018-10-16,111.84100341796876,129.54200744628906
2018-10-17,112.34200286865234,130.03399658203125
2018-10-18,112.62799835205078,129.50999450683594
2018-10-19,112.18499755859376,128.5
2018-10-22,112.4800033569336,129.45399475097656
2018-10-23,112.75700378417967,129.27099609375
2018-10-24,112.44400024414062,129.00900268554688
2018-10-25,112.01200103759766,127.6780014038086
2018-10-26,112.3499984741211,127.7959976196289
2018-10-29,111.90799713134766,127.552001953125
2018-10-30,112.3239974975586,127.77899932861328
2018-10-31,113.052001953125,128.25
2018-11-01,112.85099792480467,127.7030029296875
2018-11-02,112.71499633789062,128.52499389648438
2018-11-05,113.13899993896484,128.9199981689453
2018-11-06,113.24600219726562,129.17999267578125
2018-11-07,113.36299896240234,129.66000366210938
2018-11-08,113.5469970703125,129.82000732421875
2018-11-09,113.9530029296875,129.54100036621094
2018-11-12,113.84600067138672,128.91600036621094
2018-11-13,113.6959991455078,127.61199951171876
2018-11-14,113.78900146484376,128.70799255371094
2018-11-15,113.56400299072266,128.45599365234375
2018-11-16,113.55500030517578,128.59500122070312
2018-11-19,112.7300033569336,128.66099548339844
2018-11-20,112.44300079345705,128.8000030517578
2018-11-21,112.7030029296875,128.1959991455078
2018-11-22,113.02100372314452,128.72000122070312
2018-11-23,112.97799682617188,128.8300018310547
2018-11-26,112.91899871826172,128.00999450683594
2018-11-27,113.50399780273438,128.6300048828125
2018-11-28,113.76699829101562,128.53500366210938
2018-11-29,113.55500030517578,129.08200073242188
2018-11-30,113.41100311279295,129.19200134277344
2018-12-03,113.76300048828124,129.0290069580078
2018-12-04,113.58699798583984,128.9669952392578
2018-12-05,112.6989974975586,127.8280029296875
2018-12-06,113.0510025024414,128.29100036621094
2018-12-07,112.68900299072266,128.1739959716797
2018-12-10,112.5019989013672,128.25100708007812
2018-12-11,113.18099975585938,128.52999877929688
2018-12-12,113.38400268554688,128.3780059814453
2018-12-13,113.28500366210938,128.83999633789062
2018-12-14,113.55999755859376,129.03500366210938
2018-12-17,113.38999938964844,128.19400024414062
2018-12-18,112.8290023803711,128.05299377441406
2018-12-19,112.52400207519533,127.99400329589844
2018-12-20,112.41000366210938,128.01800537109375
2018-12-21,111.1709976196289,127.35199737548828
2018-12-24,111.0540008544922,126.29199981689452
2018-12-25,110.31099700927734,125.7699966430664
2018-12-26,110.4020004272461,126.0019989013672
2018-12-27,111.20600128173828,126.40499877929688
2018-12-28,110.8550033569336,126.76799774169922
2018-12-31,110.33000183105467,126.2490005493164
2019-01-01,109.62999725341795,125.9800033569336
2019-01-02,109.66799926757812,125.68900299072266
2019-01-03,107.44100189208984,121.60099792480467
2019-01-04,107.80799865722656,122.79399871826172
2019-01-07,108.52200317382812,123.8209991455078
2019-01-08,108.61599731445312,124.66000366210938
2019-01-09,108.7760009765625,124.60900115966795
2019-01-10,108.18900299072266,125.01499938964844
2019-01-11,108.2979965209961,124.61900329589844
2019-01-14,108.45800018310548,124.29000091552734
2019-01-15,108.25,124.18699645996094
2019-01-16,108.6439971923828,123.9800033569336
2019-01-17,109.03700256347656,124.2760009765625
2019-01-18,109.15299987792967,124.3479995727539
2019-01-21,109.66100311279295,124.62799835205078
2019-01-22,109.66999816894533,124.68099975585938
2019-01-23,109.3550033569336,124.26000213623048
2019-01-24,109.49199676513672,124.66000366210938
2019-01-25,109.59700012207033,123.96900177001952
2019-01-28,109.4000015258789,124.85399627685548
2019-01-29,109.25399780273438,124.8499984741211
2019-01-30,109.41699981689452,125.11000061035156
2019-01-31,108.9810028076172,125.16500091552734
2019-02-01,108.84400177001952,124.58000183105467
2019-02-04,109.43800354003906,125.33999633789062
2019-02-05,109.96099853515624,125.75299835205078
2019-02-06,109.94100189208984,125.43199920654295
2019-02-07,109.9739990234375,124.9800033569336
2019-02-08,109.75599670410156,124.4540023803711
2019-02-11,109.80999755859376,124.3479995727539
2019-02-12,110.4000015258789,124.5199966430664
2019-02-13,110.51499938964844,125.25599670410156
2019-02-14,110.9229965209961,124.95099639892578
2019-02-15,110.53800201416016,124.8499984741211
2019-02-18,110.56400299072266,124.9000015258789
2019-02-19,110.59100341796876,125.09300231933594
2019-02-20,110.5719985961914,125.3939971923828
2019-02-21,110.76499938964844,125.6719970703125
2019-02-22,110.70800018310548,125.54000091552734
2019-02-25,110.77200317382812,125.63200378417967
2019-02-26,111.0459976196289,126.20600128173828
2019-02-27,110.55599975585938,125.93000030517578
2019-02-28,110.86199951171876,126.15599822998048
2019-03-01,111.35700225830078,126.64600372314452
2019-03-04,111.93800354003906,127.30999755859376
2019-03-05,111.7770004272461,126.71900177001952
2019-03-06,111.86599731445312,126.46900177001952
2019-03-07,111.6230010986328,126.28099822998048
2019-03-08,111.63400268554688,125.01000213623048
2019-03-11,111.08000183105467,124.73999786376952
2019-03-12,111.34200286865234,125.35800170898438
2019-03-13,111.30599975585938,125.62799835205078
2019-03-14,111.1959991455078,125.98999786376952
2019-03-15,111.75299835205078,126.36000061035156
2019-03-18,111.56099700927734,126.2699966430664
2019-03-19,111.3730010986328,126.2480010986328
2019-03-20,111.4010009765625,126.48999786376952
2019-03-21,110.66000366210938,126.45800018310548
2019-03-22,110.80599975585938,126.01000213623048
2019-03-25,110.08100128173828,124.34200286865234
2019-03-26,110.06800079345705,124.5199966430664
2019-03-27,110.5540008544922,124.62000274658205
2019-03-28,110.48999786376952,124.30999755859376
2019-03-29,110.63700103759766,124.22000122070312
2019-04-01,110.99500274658205,124.56999969482422
2019-04-02,111.45099639892578,124.87899780273438
2019-04-03,111.30500030517578,124.68000030517578
2019-04-04,111.3949966430664,125.25499725341795
2019-04-05,111.65799713134766,125.31199645996094
2019-04-08,111.71099853515624,125.31099700927734
2019-04-09,111.45600128173828,125.4499969482422
2019-04-10,111.1050033569336,125.16400146484376
2019-04-11,110.98500061035156,125.12000274658205
2019-04-12,111.62100219726562,125.68900299072266
2019-04-15,112.02799987792967,126.61000061035156
2019-04-16,111.94300079345705,126.54900360107422
2019-04-17,111.99299621582033,126.33799743652344
2019-04-18,112.03600311279295,126.54499816894533
2019-04-19,111.98899841308594,125.8209991455078
2019-04-22,111.91000366210938,125.8270034790039
2019-04-23,111.9290008544922,126.01200103759766
2019-04-24,111.8769989013672,125.5500030517578
2019-04-25,112.12999725341795,125.1269989013672
2019-04-26,111.53900146484376,124.29900360107422
2019-04-29,111.59300231933594,124.5019989013672
2019-04-30,111.677001953125,124.97000122070312
2019-05-01,111.3949966430664,124.9810028076172
2019-05-02,111.4520034790039,124.87799835205078
2019-05-03,111.49500274658205,124.59600067138672
2019-05-06,110.6230010986328,123.75599670410156
2019-05-07,110.80500030517578,124.11000061035156
2019-05-08,110.25700378417967,123.3759994506836
2019-05-09,110.02799987792967,123.20600128173828
2019-05-10,109.80699920654295,123.18199920654295
2019-05-13,109.65399932861328,123.1989974975586
2019-05-14,109.15399932861328,122.5999984741211
2019-05-15,109.6709976196289,122.8740005493164
2019-05-16,109.4749984741211,122.66999816894533
2019-05-17,109.87100219726562,122.75900268554688
2019-05-20,110.16000366210938,122.98999786376952
2019-05-21,110.06999969482422,122.91999816894533
2019-05-23,110.22100067138672,122.93000030517578
2019-05-24,109.55799865722656,122.5260009765625
2019-05-27,109.4010009765625,122.6230010986328
2019-05-28,109.50900268554688,122.5749969482422
2019-05-29,109.34600067138672,122.11199951171876
2019-05-30,109.54199981689452,121.98699951171876
2019-05-31,109.35700225830078,121.71700286865234
2019-06-03,108.21199798583984,120.91100311279295
2019-06-04,108.0270004272461,121.48200225830078
2019-06-05,108.25399780273438,121.8239974975586
2019-06-06,108.3280029296875,121.63999938964844
2019-06-07,108.4540023803711,122.29100036621094
2019-06-10,108.4489974975586,122.73999786376952
2019-06-11,108.35900115966795,122.63400268554688
2019-06-12,108.4739990234375,122.88600158691406
2019-06-13,108.48799896240234,122.51599884033205
2019-06-14,108.3209991455078,122.18000030517578
2019-06-17,108.57599639892578,121.77999877929688
2019-06-18,108.53900146484376,121.83300018310548
2019-06-19,108.572998046875,121.5780029296875
2019-06-20,108.11499786376952,121.47200012207033
2019-06-21,107.2770004272461,121.16899871826172
2019-06-24,107.31199645996094,122.16400146484376
2019-06-25,107.3270034790039,122.3489990234375
2019-06-26,107.16600036621094,121.80999755859376
2019-06-27,107.73799896240234,122.53500366210938
2019-06-28,107.74700164794922,122.5189971923828
2019-07-01,108.38200378417967,123.125
2019-07-02,108.36599731445312,122.31099700927734
2019-07-03,107.80500030517578,121.6999969482422
2019-07-04,107.77899932861328,121.62999725341795
2019-07-05,107.80799865722656,121.66999816894533
2019-07-08,108.4739990234375,121.7699966430664
2019-07-09,108.72100067138672,121.91000366210938
2019-07-10,108.92400360107422,122.04399871826172
2019-07-11,108.33399963378906,121.96399688720705
2019-07-12,108.58799743652344,122.177001953125
2019-07-15,107.83200073242188,121.54100036621094
2019-07-16,107.88899993896484,121.50399780273438
2019-07-17,108.20099639892578,121.31199645996094
2019-07-18,107.93699645996094,121.18099975585938
2019-07-19,107.4010009765625,120.94300079345705
2019-07-22,107.80999755859376,120.94000244140624
2019-07-23,107.90399932861328,120.91000366210938
2019-07-24,108.23200225830078,120.69000244140624
2019-07-25,108.18900299072266,120.54399871826172
2019-07-26,108.66600036621094,121.0999984741211
2019-07-29,108.63300323486328,120.87999725341795
2019-07-30,108.86599731445312,121.3010025024414
2019-07-31,108.56199645996094,121.1259994506836
2019-08-01,108.81999969482422,120.45999908447266
2019-08-02,107.43099975585938,119.01699829101562
2019-08-05,106.5770034790039,118.37799835205078
2019-08-06,105.59300231933594,118.72100067138672
2019-08-07,106.33699798583984,119.14199829101562
2019-08-08,106.12100219726562,118.9000015258789
2019-08-09,105.8740005493164,118.44499969482422
2019-08-12,105.38200378417967,118.10099792480467
2019-08-13,105.35800170898438,118.16999816894533
2019-08-14,106.58999633789062,119.13400268554688
2019-08-15,105.91600036621094,118.0
2019-08-16,106.08300018310548,117.83999633789062
2019-08-19,106.43000030517578,118.0510025024414
2019-08-20,106.5739974975586,118.11000061035156
2019-08-21,106.27400207519533,117.93299865722656
2019-08-22,106.59700012207033,118.20999908447266
2019-08-23,106.46800231933594,118.0
2019-08-26,104.85199737548828,116.83200073242188
2019-08-27,105.97799682617188,117.64299774169922
2019-08-28,105.73799896240234,117.26300048828124
2019-08-29,106.06999969482422,117.58499908447266
2019-08-30,106.43800354003906,117.6999969482422
2019-09-02,106.12799835205078,116.6500015258789
2019-09-03,106.19300079345705,116.4499969482422
2019-09-04,105.86100006103516,116.12999725341795
2019-09-05,106.3249969482422,117.3270034790039
2019-09-06,107.0719985961914,118.13200378417967
2019-09-09,106.94499969482422,117.85199737548828
2019-09-10,107.33699798583984,118.58200073242188
2019-09-11,107.5999984741211,118.89199829101562
2019-09-12,108.02100372314452,118.95800018310548
2019-09-13,108.1760025024414,119.60399627685548
2019-09-16,107.76499938964844,119.41999816894533
2019-09-17,108.16100311279295,119.00900268554688
2019-09-18,108.08699798583984,119.6969985961914
2019-09-19,108.4250030517578,119.58200073242188
2019-09-20,108.04100036621094,119.34600067138672
2019-09-23,107.6520004272461,118.61699676513672
2019-09-24,107.61399841308594,118.29199981689452
2019-09-25,107.16300201416016,118.02999877929688
2019-09-26,107.69200134277344,117.9469985961914
2019-09-27,107.75599670410156,117.66999816894533
2019-09-30,107.94400024414062,118.11000061035156
2019-10-01,108.06900024414062,117.77999877929688
2019-10-02,107.73699951171876,117.80699920654295
2019-10-03,107.16300201416016,117.45500183105467
2019-10-04,106.82599639892578,117.23999786376952
2019-10-07,106.76399993896484,117.26000213623048
2019-10-08,107.2509994506836,117.6709976196289
2019-10-09,106.96099853515624,117.22200012207033
2019-10-10,107.1780014038086,117.73600006103516
2019-10-11,107.87999725341795,118.77999877929688
2019-10-14,108.45899963378906,119.61000061035156
2019-10-15,108.38800048828124,119.50800323486328
2019-10-16,108.81700134277344,120.06900024414062
2019-10-17,108.677001953125,120.36000061035156
2019-10-18,108.58100128173828,120.8000030517578
2019-10-21,108.40799713134766,120.93099975585938
2019-10-22,108.60099792480467,121.0979995727539
2019-10-23,108.48300170898438,120.7249984741211
2019-10-24,108.64199829101562,120.94000244140624
2019-10-25,108.6060028076172,120.5915985107422
2019-10-28,108.73400115966795,120.5
2019-10-29,108.96399688720705,120.93599700927734
2019-10-30,108.8740005493164,120.9800033569336
2019-10-31,108.78900146484376,121.3219985961914
2019-11-01,107.99600219726562,120.49600219726562
2019-11-04,108.22000122070312,120.83699798583984
2019-11-05,108.69400024414062,120.947998046875
2019-11-06,109.14600372314452,120.86900329589844
2019-11-07,108.91300201416016,120.56500244140624
2019-11-08,109.27400207519533,120.77300262451172
2019-11-11,109.22599792480467,120.38973999023438
2019-11-12,109.04199981689452,120.31300354003906
2019-11-13,108.99299621582033,120.02400207519533
2019-11-14,108.7979965209961,119.7699966430664
2019-11-15,108.49199676513672,119.55799865722656
2019-11-18,108.6989974975586,120.15399932861328
2019-11-19,108.66200256347656,120.3000030517578
2019-11-20,108.44499969482422,120.13899993896484
2019-11-21,108.47799682617188,120.18000030517578
2019-11-22,108.58499908447266,120.1500015258789
2019-11-25,108.7300033569336,119.83000183105467
2019-11-26,108.99199676513672,120.00299835205078
2019-11-27,109.09700012207033,120.24700164794922
2019-11-28,109.36699676513672,120.35199737548828
2019-11-29,109.51200103759766,120.58499908447266
2019-12-02,109.53500366210938,120.68599700927734
2019-12-03,109.02200317382812,120.75399780273438
2019-12-04,108.65299987792967,120.4000015258789
2019-12-05,108.83200073242188,120.5999984741211
2019-12-06,108.73799896240234,120.73999786376952
2019-12-09,108.6269989013672,120.12200164794922
2019-12-10,108.58200073242188,120.13700103759766
2019-12-11,108.76399993896484,120.6439971923828
2019-12-12,108.54900360107422,120.84400177001952
2019-12-13,109.41300201416016,122.38300323486328
2019-12-16,109.4000015258789,121.69400024414062
2019-12-17,109.57599639892578,122.03600311279295
2019-12-18,109.51599884033205,122.12000274658205
2019-12-19,109.5510025024414,121.77100372314452
2019-12-20,109.38300323486328,121.66000366210938
2019-12-23,109.4990005493164,121.31099700927734
2019-12-24,109.38200378417967,121.3010025024414
2019-12-25,109.38300323486328,121.2300033569336
2019-12-26,109.36900329589844,121.34200286865234
2019-12-27,109.54199981689452,121.68000030517578
2019-12-30,109.4280014038086,122.39700317382812
2019-12-31,108.8730010986328,121.98999786376952
2020-01-01,108.68099975585938,121.97000122070312
2020-01-02,108.71299743652344,121.9729995727539
2020-01-03,108.54299926757812,121.24500274658205
2020-01-06,107.96399688720705,120.5009994506836
2020-01-07,108.40599822998048,121.36000061035156
2020-01-08,108.01599884033205,120.48500061035156
2020-01-09,109.03099822998048,121.16899871826172
2020-01-10,109.50700378417967,121.65399932861328
2020-01-13,109.56600189208984,121.79199981689452
2020-01-14,109.99199676513672,122.47599792480467
2020-01-15,109.85399627685548,122.24199676513672
2020-01-16,109.88300323486328,122.54299926757812
2020-01-17,110.1750030517578,122.69499969482422
2020-01-20,110.18000030517578,122.22899627685548
2020-01-21,110.1729965209961,122.2509994506836
2020-01-22,109.90799713134766,121.83799743652344
2020-01-23,109.72799682617188,121.75
2020-01-24,109.552001953125,121.10199737548828
2020-01-27,108.802001953125,119.9499969482422
2020-01-28,108.91999816894533,120.02100372314452
2020-01-29,109.13200378417967,120.28700256347656
2020-01-30,108.98699951171876,120.03399658203124
2020-01-31,108.8769989013672,120.06300354003906
2020-02-03,108.37200164794922,120.1750030517578
2020-02-04,108.61199951171876,120.1510009765625
2020-02-05,109.4469985961914,120.88200378417967
2020-02-06,109.81400299072266,120.79299926757812
2020-02-07,109.96800231933594,120.73999786376952
2020-02-10,109.6449966430664,120.0459976196289
2020-02-11,109.76599884033205,119.76300048828124
2020-02-12,109.84300231933594,119.93000030517578
2020-02-13,109.84600067138672,119.45999908447266
2020-02-14,109.75800323486328,118.98999786376952
2020-02-17,109.79100036621094,119.0250015258789
2020-02-18,109.83000183105467,119.0189971923828
2020-02-19,109.91899871826172,118.65799713134766
2020-02-20,111.20999908447266,120.22000122070312
2020-02-21,111.9540023803711,120.77999877929688
2020-02-24,111.55699920654295,120.91000366210938
2020-02-25,110.85700225830078,120.26699829101562
2020-02-26,110.28600311279295,119.97000122070312
2020-02-27,110.36299896240234,120.13300323486328
2020-02-28,109.66000366210938,120.58899688720705
2020-03-02,107.6969985961914,119.01100158691406
2020-03-03,108.48699951171876,120.89099884033205
2020-03-04,107.03700256347656,119.64299774169922
2020-03-05,107.677001953125,119.94100189208984
2020-03-06,106.2480010986328,119.24600219726562
2020-03-09,103.93800354003906,118.33200073242188
2020-03-10,103.11199951171876,117.51699829101562
2020-03-11,105.0260009765625,118.83000183105467
2020-03-12,104.5500030517578,117.73300170898438
2020-03-13,104.61000061035156,116.98400115966795
2020-03-16,106.68800354003906,119.00257873535156
2020-03-17,106.1750030517578,118.49199676513672
2020-03-18,107.3769989013672,118.25399780273438
2020-03-19,108.36000061035156,118.76799774169922
2020-03-20,111.29100036621094,118.59100341796876
2020-03-23,110.46199798583984,118.10900115966795
2020-03-24,110.8270034790039,119.29199981689452
2020-03-25,111.12000274658205,120.03600311279295
2020-03-26,110.8759994506836,120.72200012207033
2020-03-27,109.10900115966795,120.53399658203124
2020-03-30,107.41300201416016,119.63099670410156
2020-03-31,108.03500366210938,119.1500015258789
2020-04-01,107.50800323486328,118.54399871826172
2020-04-02,107.25700378417967,117.48999786376952
2020-04-03,108.0009994506836,117.13999938964844
2020-04-06,108.69300079345705,117.447998046875
2020-04-07,109.11499786376952,117.85800170898438
2020-04-08,108.6510009765625,118.36699676513672
2020-04-09,108.9219970703125,118.2969970703125
2020-04-10,108.56099700927734,118.59200286865234
2020-04-13,108.33599853515624,118.4280014038086
2020-04-14,107.6230010986328,117.53700256347656
2020-04-15,107.10399627685548,117.6500015258789
2020-04-16,107.60900115966795,117.33699798583984
2020-04-17,107.94499969482422,117.1999969482422
2020-04-20,107.66999816894533,116.9990005493164
2020-04-21,107.66899871826172,116.9499969482422
2020-04-22,107.72100067138672,116.93199920654295
2020-04-23,107.81300354003906,116.4800033569336
2020-04-24,107.66699981689452,116.0009994506836
2020-04-27,107.49500274658205,116.31999969482422
2020-04-28,107.28299713134766,116.13500213623048
2020-04-29,106.74099731445312,115.63200378417967
2020-04-30,106.61000061035156,115.95999908447266
2020-05-01,107.28500366210938,117.41100311279295
2020-05-04,106.73799896240234,116.97200012207033
2020-05-05,106.6969985961914,116.33100128173828
2020-05-06,106.4520034790039,115.37799835205078
2020-05-07,106.19100189208984,114.6750030517578
2020-05-08,106.35900115966795,115.26300048828124
2020-05-11,106.91899871826172,115.88700103759766
2020-05-12,107.56600189208984,116.26599884033205
2020-05-13,107.13800048828124,116.20899963378906
2020-05-14,106.93299865722656,115.70800018310548
2020-05-15,107.36499786376952,116.03099822998048
2020-05-18,107.20800018310548,115.98500061035156
2020-05-19,107.38099670410156,117.2030029296875
2020-05-20,107.80999755859376,117.7969970703125
2020-05-21,107.59100341796876,118.14148712158205
2020-05-22,107.63099670410156,117.83000183105467
2020-05-25,107.73500061035156,117.51000213623048
2020-05-26,107.68699645996094,117.38600158691406
2020-05-27,107.49099731445312,118.01000213623048
2020-05-28,107.7979965209961,118.75299835205078
2020-05-29,107.64299774169922,119.22000122070312
2020-06-01,107.70800018310548,119.74299621582033
2020-06-02,107.5479965209961,119.62999725341795
2020-06-03,108.80899810791016,121.71800231933594
2020-06-04,108.9990005493164,122.46299743652344
2020-06-05,109.1500015258789,123.73200225830078
2020-06-08,109.63400268554688,124.1036605834961
2020-06-09,108.40899658203124,122.55599975585938
2020-06-10,107.7969970703125,122.1449966430664
2020-06-11,106.9810028076172,121.58399963378906
2020-06-12,106.8030014038086,120.55899810791016
2020-06-15,107.31099700927734,120.73699951171876
2020-06-16,107.46399688720705,121.81999969482422
2020-06-17,107.41000366210938,121.0009994506836
2020-06-18,106.8939971923828,120.1758270263672
2020-06-19,107.00599670410156,119.91400146484376
2020-06-22,106.83100128173828,119.40399932861328
2020-06-23,106.90299987792967,120.58300018310548
2020-06-24,106.43199920654295,120.4010009765625
2020-06-25,107.04399871826172,120.4290008544922
2020-06-26,107.15499877929688,120.1999969482422
2020-06-29,107.21800231933594,120.3280029296875
2020-06-30,107.58999633789062,121.00399780273438
2020-07-01,107.98899841308594,121.31199645996094
2020-07-02,107.36599731445312,120.8010025024414
2020-07-03,107.49700164794922,120.79900360107422
2020-07-06,107.5790023803711,120.98999786376952
2020-07-07,107.35900115966795,121.4540023803711
2020-07-08,107.5780029296875,121.29399871826172
2020-07-09,107.28299713134766,121.61000061035156
2020-07-10,107.23600006103516,121.04399871826172
2020-07-13,106.91000366210938,120.91223907470705
2020-07-14,107.2760009765625,121.70500183105467
2020-07-15,107.24500274658205,122.36900329589844
2020-07-16,106.91699981689452,122.0199966430664
2020-07-17,107.27799987792967,122.16600036621094
2020-07-20,107.08999633789062,122.52899932861328
2020-07-21,107.1959991455078,122.8239974975586
2020-07-22,106.83200073242188,123.21299743652344
2020-07-23,107.1750030517578,123.95500183105467
2020-07-24,106.83799743652344,123.88999938964844
2020-07-27,105.99299621582033,123.4980010986328
2020-07-28,105.26100158691406,123.89099884033205
2020-07-29,105.10700225830078,123.1719970703125
2020-07-30,105.03199768066406,123.75
2020-07-31,104.68299865722656,124.26000213623048
2020-08-03,105.86599731445312,124.72599792480467
2020-08-04,106.02999877929688,124.7020034790039
2020-08-05,105.61399841308594,124.78099822998048
2020-08-06,105.5530014038086,125.31400299072266
2020-08-07,105.58100128173828,125.3730010986328
2020-08-10,105.8499984741211,124.6999969482422
2020-08-11,105.99199676513672,124.37999725341795
2020-08-12,106.52100372314452,125.01399993896484
2020-08-13,106.8219985961914,125.99099731445312
2020-08-14,106.98600006103516,126.41699981689452
2020-08-17,106.5540008544922,126.2699966430664
2020-08-18,105.99500274658205,125.8730010986328
2020-08-19,105.2239990234375,125.70999908447266
2020-08-20,106.0790023803711,125.63700103759766
2020-08-21,105.66500091552734,125.4229965209961
2020-08-24,105.8769989013672,124.90499877929688
2020-08-25,105.99299621582033,125.01100158691406
2020-08-26,106.40499877929688,125.91999816894533
2020-08-27,105.8560028076172,125.3239974975586
2020-08-28,106.63700103759766,126.03199768066406
2020-08-31,105.53500366210938,125.77300262451172
2020-09-01,106.00399780273438,126.54000091552734
2020-09-02,105.89600372314452,126.25499725341795
2020-09-03,106.20800018310548,125.8209991455078
2020-09-04,106.08599853515624,125.60099792480467
2020-09-07,106.31099700927734,125.8030014038086
2020-09-08,106.30500030517578,125.6439971923828
2020-09-09,105.96800231933594,124.69499969482422
2020-09-10,106.2310028076172,125.39199829101562
2020-09-11,106.14299774169922,125.50399780273438
2020-09-14,106.1449966430664,125.67400360107422
2020-09-15,105.71499633789062,125.46600341796876
2020-09-16,105.38099670410156,124.81600189208984
2020-09-17,105.06199645996094,124.00299835205078
2020-09-18,104.697998046875,124.04000091552734
2020-09-21,104.53700256347656,123.80999755859376
2020-09-22,104.69000244140624,123.1729965209961
2020-09-23,105.03399658203124,122.97200012207033
2020-09-24,105.3040008544922,122.75900268554688
2020-09-25,105.43499755859376,123.0719985961914
2020-09-28,105.5739974975586,122.81999969482422
2020-09-29,105.43299865722656,123.12999725341795
2020-09-30,105.66400146484376,124.0500030517578
2020-10-01,105.45099639892578,123.6259994506836
2020-10-02,105.54299926757812,123.9499969482422
2020-10-05,105.51000213623048,123.6500015258789
2020-10-06,105.70700073242188,124.625
2020-10-07,105.63999938964844,123.98899841308594
2020-10-08,105.96499633789062,124.68299865722656
2020-10-09,106.01799774169922,124.72000122070312
2020-10-12,105.63200378417967,124.80999755859376
2020-10-13,105.33899688720705,124.41000366210938
2020-10-14,105.47000122070312,123.83599853515624
2020-10-15,105.13899993896484,123.47799682617188
2020-10-16,105.36000061035156,123.33100128173828
2020-10-19,105.427001953125,123.50700378417967
2020-10-20,105.47000122070312,124.11000061035156
2020-10-21,105.47699737548828,124.77300262451172
2020-10-22,104.6760025024414,124.0719985961914
2020-10-23,104.9209976196289,123.95999908447266
2020-10-26,104.68299865722656,124.03500366210938
2020-10-27,104.83200073242188,123.7969970703125
2020-10-28,104.54499816894533,123.16999816894533
2020-10-29,104.31500244140624,122.5500030517578
2020-10-30,104.5540008544922,122.10399627685548
2020-11-02,104.58000183105467,121.74400329589844
2020-11-03,104.7249984741211,121.87999725341795
2020-11-04,104.5459976196289,122.96099853515624
2020-11-05,104.43800354003906,122.53099822998048
2020-11-06,103.60299682617188,122.4250030517578
2020-11-09,103.25299835205078,122.79100036621094
2020-11-10,105.13700103759766,124.31600189208984
2020-11-11,105.26000213623048,124.39600372314452
2020-11-12,105.41500091552734,124.16699981689452
2020-11-13,105.08999633789062,124.0500030517578
2020-11-16,104.6760025024414,123.98300170898438
2020-11-17,104.54100036621094,123.97199249267578
2020-11-18,104.18099975585938,123.58499908447266
2020-11-19,103.8939971923828,123.08000183105467
2020-11-20,103.8249969482422,123.20099639892578
2020-11-23,103.81700134277344,123.18499755859376
2020-11-24,104.5250015258789,123.7969970703125
2020-11-25,104.51300048828124,124.34600067138672
2020-11-26,104.4000015258789,124.40299987792967
2020-11-27,104.24199676513672,124.16629791259766
2020-11-30,104.08200073242188,124.59200286865234
2020-12-01,104.29900360107422,124.51300048828124
2020-12-02,104.30899810791016,125.91500091552734
2020-12-03,104.45800018310548,126.54443359375
2020-12-04,103.822998046875,126.09600067138672
2020-12-07,104.197998046875,126.3030014038086
2020-12-08,103.9980010986328,125.97699737548828
2020-12-09,104.13500213623048,126.06999969482422
2020-12-10,104.27200317382812,125.94000244140624
2020-12-11,104.18199920654295,126.51100158691406
2020-12-14,103.93900299072266,126.1060028076172
2020-12-15,104.01000213623048,126.36199951171876
2020-12-16,103.63400268554688,125.95700073242188
2020-12-17,103.4749984741211,126.20500183105467
2020-12-18,103.13099670410156,126.47000122070312
2020-12-21,103.45700073242188,126.3769989013672
2020-12-22,103.33999633789062,126.41699981689452
2020-12-23,103.53399658203124,126.14800262451172
2020-12-24,103.552001953125,126.24299621582033
2020-12-25,103.65299987792967,126.23999786376952
2020-12-28,103.53299713134766,126.35299682617188
2020-12-29,103.68900299072266,126.73400115966795
2020-12-30,103.55899810791016,126.88500213623048
2020-12-31,103.12100219726562,126.84100341796876
2021-01-01,103.22599792480467,126.44300079345705
2021-01-04,103.23899841308594,126.46499633789062
2021-01-05,103.125,126.3499984741211
2021-01-06,102.6780014038086,126.28800201416016
2021-01-07,103.02400207519533,127.12899780273438
2021-01-08,103.79000091552734,127.35099792480467
2021-01-11,104.09100341796876,126.83699798583984
2021-01-12,104.12799835205078,126.63600158691406
2021-01-13,103.7519989013672,126.66300201416016
2021-01-14,103.83699798583984,126.2770004272461
2021-01-15,103.8280029296875,126.16000366210938
2021-01-18,103.90799713134766,125.38800048828124
2021-01-19,103.7030029296875,125.2514419555664
2021-01-20,103.89700317382812,126.10511016845705
2021-01-21,103.55500030517578,125.45500183105467
2021-01-22,103.50599670410156,125.91500091552734
2021-01-25,103.7770004272461,126.29199981689452
2021-01-26,103.76000213623048,126.0
2021-01-27,103.60299682617188,126.01000213623048
2021-01-28,104.14299774169922,126.0510025024414
2021-01-29,104.29100036621094,126.39800262451172
2021-02-01,104.68599700927734,126.91000366210938
2021-02-02,104.88099670410156,126.5500030517578
2021-02-03,105.02799987792967,126.43997955322266
2021-02-04,104.99500274658205,126.42384338378906
2021-02-05,105.5719985961914,126.33300018310548
2021-02-08,105.4000015258789,126.98600006103516
2021-02-09,105.20999908447266,126.7979965209961
2021-02-10,104.5749969482422,126.6999969482422
2021-02-11,104.61499786376952,126.79399871826172
2021-02-12,104.74099731445312,127.0500030517578
2021-02-15,105.05899810791016,127.34400177001952
2021-02-16,105.38700103759766,127.85700225830078
2021-02-17,106.10299682617188,128.3040008544922
2021-02-18,105.86100006103516,127.48999786376952
2021-02-19,105.6520004272461,127.74600219726562
2021-02-22,105.51399993896484,127.94100189208984
2021-02-23,104.98400115966795,127.7229995727539
2021-02-24,105.28299713134766,127.91999816894533
2021-02-25,105.94400024414062,128.94200134277344
2021-02-26,106.37899780273438,129.35499572753906
2021-03-01,106.50299835205078,128.74600219726562
2021-03-02,106.85099792480467,128.7100067138672
2021-03-03,106.75800323486328,129.01499938964844
2021-03-04,107.05799865722656,129.0
2021-03-05,107.95500183105467,129.19000244140625
2021-03-08,108.41899871826172,129.28799438476562
2021-03-09,108.93900299072266,129.10299682617188
2021-03-10,108.5770034790039,129.14999389648438
2021-03-11,108.43199920654295,129.3090057373047
2021-03-12,108.55500030517578,130.08200073242188
2021-03-15,109.11699676513672,130.3820037841797
2021-03-16,109.13400268554688,130.1490020751953
2021-03-17,109.02899932861328,129.76199340820312
2021-03-18,108.89099884033205,130.4770050048828
2021-03-19,108.93099975585938,129.81900024414062
2021-03-22,108.87100219726562,129.3679962158203
2021-03-23,108.7760009765625,129.80299377441406
2021-03-24,108.5199966430664,128.4810028076172
2021-03-25,108.79000091552734,128.50599670410156
2021-03-26,109.1790008544922,128.5709991455078
2021-03-29,109.79100036621094,129.41200256347656
2021-03-30,109.83599853515624,129.25999450683594
2021-03-31,110.30500030517578,129.30999755859375
2021-04-01,110.75,129.87100219726562
2021-04-02,110.61299896240234,130.27000427246094
2021-04-05,110.677001953125,130.2100067138672
2021-04-06,110.19300079345705,130.21200561523438
2021-04-07,109.79299926757812,130.36500549316406
2021-04-08,109.85199737548828,130.4199981689453
2021-04-09,109.33000183105467,130.26600646972656
2021-04-12,109.69400024414062,130.50999450683594
2021-04-13,109.3740005493164,130.29200744628906
2021-04-14,108.92400360107422,130.197998046875
2021-04-15,108.8939971923828,130.48599243164062
2021-04-16,108.68900299072266,130.0959930419922
2021-04-19,108.71900177001952,130.1219940185547
2021-04-20,108.0979995727539,130.16000366210938
2021-04-21,108.13300323486328,130.11000061035156
2021-04-22,108.03900146484376,130.05499267578125
2021-04-23,107.97799682617188,129.7239990234375
2021-04-26,107.8740005493164,130.41799926757812
2021-04-27,108.2020034790039,130.70199584960938
2021-04-28,108.75,131.48500061035156
2021-04-29,108.50499725341795,131.67999267578125
2021-04-30,108.90399932861328,132.05099487304688
2021-05-03,109.28299713134766,131.41000366210938
2021-05-04,109.08699798583984,131.52000427246094
2021-05-05,109.3290023803711,131.35299682617188
2021-05-06,109.21900177001952,131.1439971923828
2021-05-07,109.0500030517578,131.5399932861328
2021-05-10,108.5719985961914,132.13600158691406
2021-05-11,108.84400177001952,132.14300537109375
2021-05-12,108.71499633789062,132.0240020751953
2021-05-13,109.66400146484376,132.44700622558594
2021-05-14,109.51599884033205,132.26199340820312
2021-05-17,109.41200256347656,132.93600463867188
2021-05-18,109.24199676513672,132.79400634765625
2021-05-19,108.86799621582033,133.06300354003906
2021-05-20,109.27300262451172,132.98599243164062
2021-05-21,108.86000061035156,133.07899475097656
2021-05-24,108.91899871826172,132.67999267578125
2021-05-25,108.85099792480467,132.9199981689453
2021-05-26,108.802001953125,133.23599243164062
2021-05-27,109.16999816894533,133.1020050048828
2021-05-28,109.80899810791016,133.88800048828125
2021-05-31,109.90699768066406,133.96800231933594
2021-06-01,109.49299621582033,133.93899536132812
2021-06-02,109.49299621582033,133.7689971923828
2021-06-03,109.59500122070312,133.80999755859375
2021-06-04,110.26599884033205,133.7530059814453
2021-06-07,109.61699676513672,133.36000061035156
2021-06-08,109.27400207519533,133.17999267578125
2021-06-09,109.46900177001952,133.2480010986328
2021-06-10,109.61000061035156,133.49200439453125
2021-06-11,109.40899658203124,133.1739959716797
2021-06-14,109.70899963378906,132.85400390625
2021-06-15,110.04100036621094,133.39199829101562
2021-06-16,110.08399963378906,133.4709930419922
2021-06-17,110.7699966430664,132.86599731445312
2021-06-18,110.3249969482422,131.4239959716797
2021-06-21,110.20099639892578,130.80999755859375
2021-06-22,110.3740005493164,131.4499969482422
2021-06-23,110.65399932861328,132.0800018310547
2021-06-24,111.01200103759766,132.39999389648438
2021-06-25,110.9209976196289,132.3070068359375
2021-06-28,110.8219985961914,132.3249969482422
2021-06-29,110.60299682617188,131.93099975585938
2021-06-30,110.53500366210938,131.54100036621094
2021-07-01,111.1240005493164,131.7519989013672
2021-07-02,111.5719985961914,132.16600036621094
2021-07-05,111.13500213623048,131.75
2021-07-06,110.91600036621094,131.5709991455078
2021-07-07,110.60199737548828,130.7570037841797
2021-07-08,110.63500213623048,130.4720001220703
2021-07-09,109.8010025024414,130.06900024414062
2021-07-12,110.21499633789062,130.8489990234375
2021-07-13,110.3249969482422,130.8885955810547
2021-07-14,110.59500122070312,130.2259979248047
2021-07-15,109.98400115966795,130.14300537109375
2021-07-16,109.77799987792967,129.66000366210938
2021-07-19,109.8740005493164,129.7899932861328
2021-07-20,109.53399658203124,129.16200256347656
2021-07-21,109.91999816894533,129.50999450683594
2021-07-22,110.25499725341795,130.0050048828125
2021-07-23,110.13999938964844,129.66400146484375
2021-07-26,110.54399871826172,130.14100646972656
2021-07-27,110.302001953125,130.2100067138672
2021-07-28,109.80599975585938,129.79800415039062
2021-07-29,109.89099884033205,130.16700744628906
2021-07-30,109.40899658203124,130.05999755859375
2021-08-02,109.70600128173828,130.18099975585938
2021-08-03,109.2689971923828,129.74400329589844
2021-08-04,108.99099731445312,129.36099243164062
2021-08-05,109.52899932861328,129.6479949951172
2021-08-06,109.7519989013672,129.875
2021-08-09,110.25900268554688,129.52000427246094
2021-08-10,110.30599975585938,129.45599365234375
2021-08-11,110.5979995727539,129.61700439453125
2021-08-12,110.3740005493164,129.5970001220703
2021-08-13,110.40299987792967,129.5590057373047
2021-08-16,109.6240005493164,129.29100036621094
2021-08-17,109.2969970703125,128.7209930419922
2021-08-18,109.53700256347656,128.2570037841797
2021-08-19,109.84200286865234,128.54299926757812
2021-08-20,109.76799774169922,128.1699981689453
2021-08-23,109.83999633789062,128.47000122070312
2021-08-24,109.6780014038086,128.80599975585938
2021-08-25,109.7300033569336,128.95700073242188
2021-08-26,109.97599792480467,129.4600067138672
2021-08-27,110.0479965209961,129.32000732421875
2021-08-30,109.86499786376952,129.61399841308594
2021-08-31,109.94400024414062,129.6909942626953
2021-09-01,110.05599975585938,129.9720001220703
2021-09-02,110.09600067138672,130.36000061035156
2021-09-03,109.94499969482422,130.52999877929688
2021-09-06,109.76399993896484,130.45700073242188
2021-09-07,109.81999969482422,130.3979949951172
2021-09-08,110.2959976196289,130.62399291992188
2021-09-09,110.21800231933594,130.27000427246094
2021-09-10,109.78099822998048,129.78500366210938
2021-09-13,109.91500091552734,129.8300018310547
2021-09-14,109.99400329589844,129.89599609375
2021-09-15,109.71900177001952,129.4969940185547
2021-09-16,109.38300323486328,129.28199768066406
2021-09-17,109.6989974975586,129.05299377441406
2021-09-20,109.97100067138672,128.99000549316406
2021-09-21,109.43699645996094,128.3350067138672
2021-09-22,109.14900207519533,127.94000244140624
2021-09-23,109.8219985961914,128.3489990234375
2021-09-24,110.32599639892578,129.5189971923828
2021-09-27,110.76399993896484,129.84100341796875
2021-09-28,110.96399688720705,129.77499389648438
2021-09-29,111.52799987792967,130.33200073242188
2021-09-30,111.93599700927734,129.86099243164062
2021-10-01,111.46099853515624,129.00100708007812
2021-10-04,110.9469985961914,128.7689971923828
2021-10-05,110.96800231933594,128.9029998779297
2021-10-06,111.48699951171876,129.27099609375
2021-10-07,111.41300201416016,128.73699951171875
2021-10-08,111.66200256347656,129.0500030517578
2021-10-11,112.2699966430664,129.84500122070312
2021-10-12,113.38800048828124,131.00100708007812
2021-10-13,113.5189971923828,130.90699768066406
2021-10-14,113.3010025024414,131.38600158691406
2021-10-15,113.83399963378906,131.93099975585938
2021-10-18,114.3239974975586,132.55999755859375
2021-10-19,114.28500366210938,132.7220001220703
2021-10-20,114.54299926757812,133.2100067138672
2021-10-21,114.38899993896484,133.2899932861328
2021-10-22,113.8499984741211,132.34800720214844
2021-10-25,113.66400146484376,132.27000427246094
2021-10-26,113.76499938964844,132.06900024414062
2021-10-27,114.18800354003906,132.406005859375
2021-10-28,113.7760009765625,131.9720001220703
2021-10-29,113.61599731445312,132.72300720214844
2021-11-01,114.23600006103516,132.01100158691406
2021-11-02,114.09400177001952,132.343994140625
2021-11-03,113.96199798583984,131.9600067138672
2021-11-04,114.06999969482422,132.49600219726562
2021-11-05,113.83699798583984,131.52499389648438
2021-11-08,113.4749984741211,131.26400756835938
2021-11-09,113.25399780273438,131.23800659179688
2021-11-10,112.91200256347656,130.90699768066406
2021-11-11,113.90499877929688,130.82400512695312
2021-11-12,114.04299926757812,130.55099487304688
2021-11-15,113.9810028076172,130.406005859375
2021-11-16,114.13200378417967,129.69000244140625
2021-11-17,114.90399932861328,130.0469970703125
2021-11-18,114.19000244140624,129.23699951171875
2021-11-19,114.28199768066406,129.91900634765625
2021-11-22,114.13800048828124,128.68899536132812
2021-11-23,114.79000091552734,129.0399932861328
2021-11-24,115.14099884033205,129.4669952392578
2021-11-25,115.40799713134766,129.2830047607422
2021-11-26,115.06900024414062,128.98599243164062
2021-11-29,113.71900177001952,128.41099548339844
2021-11-30,113.8040008544922,128.51300048828125
2021-12-01,113.29900360107422,128.36599731445312
2021-12-02,112.88200378417967,127.7750015258789
2021-12-03,113.02200317382812,127.77999877929688
2021-12-06,113.04199981689452,127.78299713134766
2021-12-07,113.45800018310548,128.0290069580078
2021-12-08,113.5250015258789,127.95999908447266
2021-12-09,113.68399810791016,128.95899963378906
2021-12-10,113.447998046875,128.11000061035156
2021-12-13,113.5009994506836,128.3820037841797
2021-12-14,113.5770034790039,128.1199951171875
2021-12-15,113.74299621582033,128.04600524902344
2021-12-16,114.13600158691406,128.8730010986328
2021-12-17,113.66300201416016,128.81900024414062
2021-12-20,113.51799774169922,127.62100219726562
2021-12-21,113.66200256347656,128.1750030517578
2021-12-22,113.99400329589844,128.66099548339844
2021-12-23,114.12100219726562,129.25999450683594
2021-12-24,114.45800018310548,129.63499450683594
2021-12-27,114.33300018310548,129.45899963378906
2021-12-28,114.79199981689452,130.04800415039062
2021-12-29,114.77300262451172,129.8699951171875
2021-12-30,114.947998046875,130.5800018310547
2021-12-31,115.06300354003906,130.2760009765625
2022-01-03,115.14199829101562,130.9429931640625
2022-01-04,115.3280029296875,130.34500122070312
2022-01-05,116.17400360107422,131.07200622558594
2022-01-06,116.12799835205078,131.3459930419922
2022-01-07,115.86499786376952,130.86700439453125
2022-01-10,115.61799621582033,131.26400756835938
2022-01-11,115.27799987792967,130.61000061035156
2022-01-12,115.33100128173828,131.08599853515625
2022-01-13,114.6750030517578,131.1699981689453
2022-01-14,114.11799621582033,130.73899841308594
2022-01-17,114.30599975585938,130.41900634765625
2022-01-18,114.5709991455078,130.72300720214844
2022-01-19,114.5540008544922,129.7779998779297
2022-01-20,114.34700012207033,129.69000244140625
2022-01-21,113.99299621582033,128.95799255371094
2022-01-24,113.78500366210938,129.04200744628906
2022-01-25,114.01100158691406,129.10000610351562
2022-01-26,113.875,128.69000244140625
2022-01-27,114.72100067138672,128.9510040283203
2022-01-28,115.35199737548828,128.5500030517578
2022-01-31,115.26200103759766,128.53700256347656
2022-02-01,115.12100219726562,129.2729949951172
2022-02-02,114.73600006103516,129.32000732421875
2022-02-03,114.38200378417967,129.24400329589844
2022-02-04,114.95700073242188,131.4530029296875
2022-02-07,115.2239990234375,131.97799682617188
2022-02-08,115.06300354003906,131.6479949951172
2022-02-09,115.53099822998048,131.94700622558594
2022-02-10,115.60199737548828,132.02200317382812
2022-02-11,116.0469970703125,132.4459991455078
2022-02-14,115.58399963378906,131.3489990234375
2022-02-15,115.53600311279295,130.6219940185547
2022-02-16,115.63500213623048,131.322998046875
2022-02-17,115.38700103759766,131.23800659179688
2022-02-18,114.86599731445312,130.552001953125
2022-02-21,114.96099853515624,130.0989990234375
2022-02-22,114.60900115966795,129.61399841308594
2022-02-23,115.09600067138672,130.39199829101562
2022-02-24,114.89800262451172,129.8939971923828
2022-02-25,115.5709991455078,129.32200622558594
2022-02-28,115.58499908447266,129.218994140625
2022-03-01,115.0780029296875,129.0590057373047
2022-03-02,114.83300018310548,127.84500122070312
2022-03-03,115.5189971923828,128.35800170898438
2022-03-04,115.4739990234375,127.79399871826172
2022-03-07,114.9499969482422,124.99320220947266
2022-03-08,115.3730010986328,125.3479995727539
2022-03-09,115.72200012207033,126.10800170898438
2022-03-10,115.90899658203124,128.3489990234375
2022-03-11,116.1790008544922,127.95099639892578
2022-03-14,117.52899932861328,128.4770050048828
2022-03-15,118.21800231933594,129.35899353027344
2022-03-16,118.29199981689452,129.7550048828125
2022-03-17,118.87000274658205,131.01400756835938
2022-03-18,118.48600006103516,131.51100158691406
2022-03-21,119.26300048828124,131.69500732421875
2022-03-22,119.59400177001952,131.7469940185547
2022-03-23,121.33999633789062,133.82699584960938
2022-03-24,121.1269989013672,133.3070068359375
2022-03-25,122.34600067138672,134.68800354003906
2022-03-28,122.2699966430664,134.26800537109375
2022-03-29,123.66000366210938,135.94500732421875
2022-03-30,123.125,136.55499267578125
2022-03-31,122.02100372314452,136.18699645996094
2022-04-01,121.75599670410156,134.80299377441406
2022-04-04,122.61000061035156,135.40499877929688
2022-04-05,122.80899810791016,134.77000427246094
2022-04-06,123.65599822998048,134.8560028076172
2022-04-07,123.7229995727539,134.82899475097656
2022-04-08,124.09600067138672,134.81700134277344
2022-04-11,124.38500213623048,135.3800048828125
2022-04-12,125.47200012207033,136.47999572753906
2022-04-13,125.41600036621094,135.76699829101562
2022-04-14,125.3769989013672,136.60699462890625
2022-04-15,126.1790008544922,136.52999877929688
2022-04-18,126.61799621582033,136.9320068359375
2022-04-19,127.0979995727539,137.02999877929688
2022-04-20,129.33299255371094,139.60000610351562
2022-04-21,128.01300048828125,138.88400268554688
2022-04-22,128.4080047607422,139.12600708007812
2022-04-25,128.60499572753906,139.0279998779297
2022-04-26,127.74400329589844,136.86700439453125
2022-04-27,127.26599884033205,135.4499969482422
2022-04-28,128.3939971923828,135.5279998779297
2022-04-29,130.81100463867188,137.39100646972656
2022-05-02,130.01100158691406,136.9709930419922
2022-05-03,130.11199951171875,136.7519989013672
2022-05-04,130.11599731445312,136.9600067138672
2022-05-05,129.22300720214844,137.2480010986328
2022-05-06,130.3300018310547,137.36700439453125
2022-05-09,130.74899291992188,137.697998046875
2022-05-10,130.3769989013672,137.7429962158203
2022-05-11,130.3509979248047,137.25999450683594
2022-05-12,129.8350067138672,136.48300170898438
2022-05-13,128.58799743652344,133.45799255371094
2022-05-16,129.4320068359375,134.60299682617188
2022-05-17,128.92300415039062,134.572998046875
2022-05-18,129.45399475097656,136.5399932861328
2022-05-19,127.91400146484376,133.95199584960938
2022-05-20,127.83200073242188,135.2209930419922
2022-05-23,127.90299987792967,135.18299865722656
2022-05-24,127.84600067138672,136.5590057373047
2022-05-25,126.7689971923828,136.06199645996094
2022-05-26,127.1520004272461,135.8719940185547
2022-05-27,127.04499816894533,136.33999633789062
2022-05-30,127.28500366210938,136.58799743652344
2022-05-31,127.78399658203124,137.66000366210938
2022-06-01,128.73599243164062,138.1840057373047
2022-06-02,130.1219940185547,138.58399963378906
2022-06-03,129.91799926757812,139.66799926757812
2022-06-06,130.70700073242188,140.18899536132812
2022-06-07,132.17599487304688,141.3040008544922
2022-06-08,132.8470001220703,142.10400390625
2022-06-09,134.42999267578125,144.07000732421875
2022-06-10,134.41799926757812,142.72999572753906
2022-06-13,134.81399536132812,141.40499877929688
2022-06-14,134.22500610351562,139.79200744628906
2022-06-15,135.29400634765625,141.21499633789062
2022-06-16,134.11500549316406,140.218994140625
2022-06-17,132.42100524902344,139.66400146484375
2022-06-20,135.2760009765625,141.9149932861328
2022-06-21,135.08700561523438,142.10699462890625
2022-06-22,136.2689971923828,143.51800537109375
2022-06-23,136.0240020751953,143.67999267578125
2022-06-24,134.83999633789062,141.8459930419922
2022-06-27,135.06199645996094,142.697998046875
2022-06-28,135.43499755859375,143.29400634765625
2022-06-29,136.0469970703125,143.1580047607422
2022-06-30,136.58900451660156,142.677001953125
2022-07-01,135.78599548339844,142.26400756835938
2022-07-04,135.04299926757812,140.8939971923828
2022-07-05,135.83999633789062,141.71600341796875
2022-07-06,135.52099609375,139.00799560546875
2022-07-07,135.96600341796875,138.4499969482422
2022-07-08,135.91299438476562,138.18699645996094
2022-07-11,136.30099487304688,138.55599975585938
2022-07-12,137.38800048828125,138.00999450683594
2022-07-13,136.7259979248047,137.14500427246094
2022-07-14,137.6280059814453,138.0780029296875
2022-07-15,138.9669952392578,139.32899475097656
2022-07-18,138.31399536132812,139.63600158691406
2022-07-19,138.22900390625,140.22900390625
2022-07-20,138.1909942626953,141.38400268554688
2022-07-21,138.39500427246094,140.91600036621094
2022-07-22,137.09800720214844,140.12600708007812
2022-07-25,136.31199645996094,139.03199768066406
2022-07-26,136.43099975585938,139.46800231933594
2022-07-27,136.97000122070312,138.73500061035156
2022-07-28,136.11099243164062,138.91099548339844
2022-07-29,134.39700317382812,136.97300720214844
2022-08-01,133.40699768066406,136.15499877929688
2022-08-02,131.57200622558594,135.0019989013672
2022-08-03,133.37899780273438,135.44400024414062
2022-08-04,133.96200561523438,136.06199645996094
2022-08-05,132.62100219726562,135.8990020751953
2022-08-08,135.0570068359375,137.35800170898438
2022-08-09,134.83999633789062,137.4949951171875
2022-08-10,135.18699645996094,138.01300048828125
2022-08-11,132.8300018310547,136.8070068359375
2022-08-12,132.99400329589844,137.25399780273438
2022-08-15,133.28799438476562,136.67799377441406
2022-08-16,133.14300537109375,135.31121826171875
2022-08-17,134.27699279785156,136.57200622558594
2022-08-18,134.94400024414062,137.32899475097656
2022-08-19,135.7949981689453,137.01199340820312
2022-08-22,137.04100036621094,137.51499938964844
2022-08-23,137.54600524902344,136.6999969482422
2022-08-24,136.73300170898438,136.27699279785156
2022-08-25,137.08099365234375,136.63999938964844
2022-08-26,136.56300354003906,136.16600036621094
2022-08-29,137.52000427246094,137.30099487304688
2022-08-30,138.5959930419922,138.7310028076172
2022-08-31,138.73399353027344,139.07000732421875
2022-09-01,139.29600524902344,139.83200073242188
2022-09-02,140.08099365234375,139.4040069580078
2022-09-05,140.48699951171875,139.20399475097656
2022-09-06,140.42999267578125,139.72799682617188
2022-09-07,143.1510009765625,141.6790008544922
2022-09-08,144.1280059814453,144.05599975585938
2022-09-09,143.8560028076172,143.99000549316406
2022-09-12,142.5959930419922,143.60499572753906
2022-09-13,142.5850067138672,144.4239959716797
2022-09-14,144.4040069580078,144.10499572753906
2022-09-15,142.92300415039062,142.6699981689453
2022-09-16,143.36500549316406,143.19000244140625
2022-09-19,142.76499938964844,143.0760040283203
2022-09-20,143.22300720214844,143.63699340820312
2022-09-21,143.6020050048828,143.17747497558594
2022-09-22,144.3159942626953,141.8730010986328
2022-09-23,142.27999877929688,139.99899291992188
2022-09-26,143.51100158691406,139.00100708007812
2022-09-27,144.45899963378906,139.0030059814453
2022-09-28,144.6909942626953,138.83299255371094
2022-09-29,144.3979949951172,140.1739959716797
2022-09-30,144.43099975585938,141.96200561523438
2022-10-03,144.8159942626953,141.80499267578125
2022-10-04,144.5189971923828,142.08299255371094
2022-10-05,143.78700256347656,143.5540008544922
2022-10-06,144.44900512695312,143.1479949951172
2022-10-07,145.03900146484375,141.9709930419922
2022-10-10,145.48199462890625,141.61700439453125
2022-10-11,145.6739959716797,141.44200134277344
2022-10-12,145.8699951171875,141.49099731445312
2022-10-13,146.73699951171875,142.4429931640625
2022-10-14,147.29299926757812,143.88999938964844
2022-10-17,148.6320037841797,144.7480010986328
2022-10-18,148.9709930419922,146.63600158691406
2022-10-19,149.20899963378906,147.1699981689453
2022-10-20,149.8209991455078,146.31199645996094
2022-10-21,150.17599487304688,146.8419952392578
2022-10-24,147.81900024414062,145.72799682617188
2022-10-25,148.88699340820312,147.1790008544922
2022-10-26,147.97999572753906,147.43099975585938
2022-10-27,146.13400268554688,147.46400451660156
2022-10-28,146.2740020751953,145.79299926757812
2022-10-31,147.81199645996094,147.13800048828125
2022-11-01,148.73699951171875,147.02999877929688
2022-11-02,147.9149932861328,146.12399291992188
2022-11-03,147.89199829101562,145.12600708007812
2022-11-04,148.39300537109375,144.66200256347656
2022-11-07,146.84100341796875,145.78500366210938
2022-11-08,146.62399291992188,146.88600158691406
2022-11-09,145.2949981689453,146.45599365234375
2022-11-10,146.20899963378906,146.468994140625
2022-11-11,141.73399353027344,144.44200134277344
2022-11-14,139.55299377441406,144.1280059814453
2022-11-15,140.11500549316406,144.58099365234375
2022-11-16,138.96499633789062,143.9290008544922
2022-11-17,139.32200622558594,144.8000030517578
2022-11-18,140.41200256347656,145.4810028076172
2022-11-21,140.2530059814453,144.8887176513672
2022-11-22,142.09800720214844,145.5749969482422
2022-11-23,141.15499877929688,145.54400634765625
2022-11-24,139.2779998779297,145.0659942626953
2022-11-25,138.60299682617188,144.24899291992188
2022-11-28,139.10000610351562,144.58999633789062
2022-11-29,138.718994140625,143.47799682617188
2022-11-30,138.7449951171875,143.23599243164062
2022-12-01,137.35899353027344,143.16299438476562
2022-12-02,135.14999389648438,142.28399658203125
2022-12-05,134.47500610351562,141.78199768066406
2022-12-06,136.65199279785156,143.43299865722656
2022-12-07,136.88600158691406,143.28399658203125
2022-12-08,136.38099670410156,143.3730010986328
2022-12-09,136.61399841308594,144.22300720214844
2022-12-12,136.71200561523438,143.83900451660156
2022-12-13,137.50399780273438,144.94400024414062
2022-12-14,135.58399963378906,144.0679931640625
2022-12-15,135.34800720214844,144.49899291992188
2022-12-16,137.75100708007812,146.55140686035156
2022-12-19,136.69000244140625,144.54400634765625
2022-12-20,136.9949951171875,145.36300659179688
2022-12-21,131.89199829101562,140.1280059814453
2022-12-22,132.3699951171875,140.38999938964844
2022-12-23,132.35699462890625,140.28399658203125
2022-12-26,132.7899932861328,140.94000244140625
2022-12-27,132.76400756835938,141.25
2022-12-28,133.48599243164062,141.9759979248047
2022-12-29,134.03399658203125,142.45599365234375
2022-12-30,132.91600036621094,141.69400024414062
2023-01-02,130.84500122070312,140.30999755859375
2023-01-03,130.79400634765625,139.6490020751953
2023-01-04,131.2480010986328,138.40899658203125
2023-01-05,132.24600219726562,140.25399780273438
2023-01-06,133.3070068359375,140.25999450683594
2023-01-09,131.86199951171875,140.5070037841797
2023-01-10,131.72900390625,141.3730010986328
2023-01-11,132.1009979248047,141.8520050048828
2023-01-12,131.90199279785156,141.99200439453125
2023-01-13,129.1719970703125,140.27499389648438
2023-01-16,128.0260009765625,138.5780029296875
2023-01-17,128.3209991455078,138.9600067138672
2023-01-18,128.281005859375,138.4010009765625
2023-01-19,128.53900146484375,138.79299926757812
2023-01-20,128.3699951171875,139.0679931640625
2023-01-23,129.35400390625,140.64999389648438
2023-01-24,130.5970001220703,141.9720001220703
2023-01-25,130.23899841308594,141.79200744628906
2023-01-26,129.23699951171875,141.13999938964844
2023-01-27,129.8000030517578,141.39300537109375
2023-01-30,129.85400390625,141.16200256347656
2023-01-31,130.47900390625,141.56900024414062
2023-02-01,130.11000061035156,141.3000030517578
2023-02-02,128.6219940185547,141.63699340820312
2023-02-03,128.74600219726562,140.3800048828125
2023-02-06,132.00900268554688,142.43699645996094
2023-02-07,132.6230010986328,142.27999877929688
2023-02-08,131.04200744628906,140.59800720214844
2023-02-09,131.38699340820312,140.78700256347656
2023-02-10,131.5189971923828,141.24000549316406
2023-02-13,131.55099487304688,140.45899963378906
2023-02-14,132.33700561523438,141.99400329589844
2023-02-15,132.99099731445312,142.7689971923828
2023-02-16,133.9029998779297,143.15199279785156
2023-02-17,134.07400512695312,142.99099731445312
2023-02-20,134.3070068359375,143.50399780273438
2023-02-21,134.33599853515625,143.5
2023-02-22,134.9759979248047,143.7949981689453
2023-02-23,134.9320068359375,143.0989990234375
2023-02-24,134.6280059814453,142.66400146484375
2023-02-27,136.39500427246094,143.9499969482422
2023-02-28,136.31700134277344,144.60899353027344
2023-03-01,136.34800720214844,144.2050018310547
2023-03-02,136.19400024414062,145.29299926757812
2023-03-03,136.7050018310547,144.89599609375
2023-03-06,135.86000061035156,144.5240020751953
2023-03-07,135.99899291992188,145.31100463867188
2023-03-08,137.39100646972656,144.91799926757812
2023-03-09,137.2259979248047,144.75900268554688
2023-03-10,136.39500427246094,144.35499572753906
2023-03-13,134.97999572753906,143.66000366210938
2023-03-14,133.11399841308594,142.7429962158203
2023-03-15,134.39700317382812,144.16900634765625
2023-03-16,132.9290008544922,140.6750030517578
2023-03-17,133.3679962158203,141.552001953125
2023-03-20,132.28399658203125,141.2530059814453
2023-03-21,131.39199829101562,140.83900451660156
2023-03-22,132.34800720214844,142.5850067138672
2023-03-23,131.1790008544922,142.58700561523438
2023-03-24,130.86500549316406,141.78399658203125
2023-03-27,130.8459930419922,141.02099609375
2023-03-28,131.23300170898438,141.8179931640625
2023-03-29,131.04600524902344,142.03799438476562
2023-03-30,132.5760040283203,143.7550048828125
2023-03-31,133.2010040283203,145.24099731445312
2023-04-03,133.3470001220703,144.04600524902344
2023-04-04,132.2989959716797,144.3179931640625
2023-04-05,131.48500061035156,144.00999450683594
2023-04-06,130.9340057373047,142.7220001220703
2023-04-07,131.66900634765625,143.7570037841797
2023-04-10,132.0970001220703,144.1529998779297
2023-04-11,133.468994140625,145.06199645996094
2023-04-12,133.593994140625,145.84300231933594
2023-04-13,133.0850067138672,146.3509979248047
2023-04-14,132.48699951171875,146.41900634765625
2023-04-17,133.9709930419922,147.1300048828125
2023-04-18,134.4250030517578,146.8730010986328
2023-04-19,134.04400634765625,147.10800170898438
2023-04-20,134.70399475097656,147.51499938964844
2023-04-21,133.99600219726562,146.96099853515625
2023-04-24,133.96099853515625,147.24200439453125
2023-04-25,134.08399963378906,148.24000549316406
2023-04-26,133.71099853515625,146.78500366210938
2023-04-27,133.46499633789062,147.37899780273438
2023-04-28,133.802001953125,147.51199340820312
2023-05-01,136.38600158691406,150.19700622558594
2023-05-02,137.52099609375,150.8820037841797
2023-05-03,136.46600341796875,150.2565460205078
2023-05-04,134.54400634765625,148.91600036621094
2023-05-05,134.1790008544922,147.8939971923828
2023-05-08,135.19900512695312,148.96299743652344
2023-05-09,135.072998046875,148.51800537109375
2023-05-10,135.28799438476562,148.33099365234375
2023-05-11,134.08700561523438,147.2899932861328
2023-05-12,134.4980010986328,146.76246643066406
2023-05-15,135.82200622558594,147.39500427246094
2023-05-16,136.0449981689453,147.92300415039062
2023-05-17,136.42999267578125,148.22900390625
2023-05-18,137.61399841308594,149.14300537109375
2023-05-19,138.6199951171875,149.3699951171875
2023-05-22,137.69200134277344,149.01300048828125
2023-05-23,138.6719970703125,149.91000366210938
2023-05-24,138.59800720214844,149.25799560546875
2023-05-25,139.2830047607422,149.8179931640625
2023-05-26,140.01699829101562,150.1490020751953
2023-05-29,140.87100219726562,151.0489959716797
2023-05-30,140.4409942626953,150.37100219726562
2023-05-31,139.79200744628906,150.01199340820312
2023-06-01,139.1269989013672,148.76300048828125
2023-06-02,138.7480010986328,149.29400634765625
2023-06-05,140.20700073242188,149.97900390625
2023-06-06,139.38299560546875,149.29400634765625
2023-06-07,139.52699279785156,149.25599670410156
2023-06-08,139.8990020751953,149.78799438476562
2023-06-09,138.86300659179688,149.72000122070312
2023-06-12,139.37100219726562,149.82000732421875
2023-06-13,139.4600067138672,150.09100341796875
2023-06-14,140.177001953125,151.23199462890625
2023-06-15,139.9770050048828,151.76499938964844
2023-06-16,140.26800537109375,153.52699279785156
2023-06-19,141.86700439453125,155.17999267578125
2023-06-20,141.8990020751953,155.0070037841797
2023-06-21,141.3350067138672,154.33599853515625
2023-06-22,141.68800354003906,155.73699951171875
2023-06-23,143.02999877929688,156.6999969482422
2023-06-26,143.54100036621094,156.54800415039062
2023-06-27,143.4600067138672,156.51199340820312
2023-06-28,143.8820037841797,157.63800048828125
2023-06-29,144.38900756835938,157.60800170898438
2023-06-30,144.77999877929688,157.34800720214844
2023-07-03,144.3979949951172,157.49200439453125
2023-07-04,144.58399963378906,157.7740020751953
2023-07-05,144.406005859375,157.13999938964844
2023-07-06,144.48899841308594,156.84300231933594
2023-07-07,143.9510040283203,156.75999450683594
2023-07-10,142.20899963378906,155.9499969482422
2023-07-11,141.2969970703125,155.49099731445312
2023-07-12,140.1179962158203,154.3090057373047
2023-07-13,138.31500244140625,154.07000732421875
2023-07-14,138.0749969482422,154.95599365234375
2023-07-17,138.6820068359375,155.70399475097656
2023-07-18,138.72900390625,155.88699340820312
2023-07-19,139.02699279785156,156.10299682617188
2023-07-20,139.59800720214844,156.41400146484375
2023-07-21,139.86399841308594,155.718994140625
2023-07-24,141.75,157.6929931640625
2023-07-25,141.52200317382812,156.54600524902344
2023-07-26,140.91299438476562,155.70899963378906
2023-07-27,140.36700439453125,155.49400329589844
2023-07-28,138.86399841308594,152.43099975585938
2023-07-31,140.75799560546875,155.16799926757812
2023-08-01,142.322998046875,156.51300048828125
2023-08-02,142.97000122070312,157.35400390625
2023-08-03,143.343994140625,156.86099243164062
2023-08-04,142.59800720214844,156.15499877929688
2023-08-07,141.87600708007812,156.0959930419922
2023-08-08,142.5240020751953,156.8090057373047
2023-08-09,143.2779998779297,157.0019989013672
2023-08-10,143.7270050048828,157.7689971923828
2023-08-11,144.85400390625,159.06399536132812
2023-08-14,144.81700134277344,158.48800659179688
2023-08-15,145.43699645996094,158.63400268554688
2023-08-16,145.60800170898438,158.76800537109375
2023-08-17,146.33299255371094,159.12399291992188
2023-08-18,145.71400451660156,158.447998046875
2023-08-21,145.30499267578125,158.02000427246094
2023-08-22,146.23800659179688,159.36700439453125
2023-08-23,145.76300048828125,158.10299682617188
2023-08-24,144.67300415039062,157.1909942626953
2023-08-25,146.06700134277344,157.72500610351562
2023-08-28,146.531005859375,158.20799255371094
2023-08-29,146.46400451660156,158.5449981689453
2023-08-30,145.98800659179688,158.66900634765625
2023-08-31,146.0989990234375,159.66799926757812
2023-09-01,145.47300720214844,157.74899291992188
2023-09-04,146.0570068359375,157.36000061035156
2023-09-05,146.54299926757812,158.13600158691406
2023-09-06,147.4709930419922,158.1300048828125
2023-09-07,147.70899963378906,158.39700317382812
2023-09-08,147.33099365234375,157.60299682617188
2023-09-11,147.11300659179688,157.6540069580078
2023-09-12,146.67799377441406,157.64100646972656
2023-09-13,147.1580047607422,158.22500610351562
2023-09-14,147.3459930419922,158.1320037841797
2023-09-15,147.48199462890625,156.8459930419922
2023-09-18,147.8679962158203,157.74099731445312
2023-09-19,147.60499572753906,157.81500244140625
2023-09-20,147.74200439453125,157.80499267578125
2023-09-21,148.3209991455078,157.9720001220703
2023-09-22,147.6439971923828,157.39700317382812
2023-09-25,148.4340057373047,158.04400634765625
2023-09-26,148.81100463867188,157.6009979248047
2023-09-27,149.0449981689453,157.51699829101562
2023-09-28,149.4980010986328,157.04200744628906
2023-09-29,149.33700561523438,157.7310028076172
2023-10-02,149.5399932861328,157.96200561523438
2023-10-03,149.8509979248047,157.04200744628906
2023-10-04,149.19200134277344,156.16000366210938
2023-10-05,148.96600341796875,156.5070037841797
2023-10-06,148.46299743652344,156.56300354003906
2023-10-09,149.16000366210938,157.61599731445312
2023-10-10,148.32699584960938,156.90914916992188
2023-10-11,148.6280059814453,157.5989990234375
2023-10-12,149.03599548339844,158.32899475097656
2023-10-13,149.7899932861328,157.81199645996094
2023-10-16,149.5659942626953,157.35499572753906
2023-10-17,149.5780029296875,157.86300659179688
2023-10-18,149.75900268554688,158.30999755859375
2023-10-19,149.74200439453125,157.78900146484375
2023-10-20,149.802001953125,158.54800415039062
2023-10-23,149.8800048828125,158.71200561523438
2023-10-24,149.7689971923828,159.7899932861328
2023-10-25,149.85400390625,158.76400756835938
2023-10-26,150.09800720214844,158.5989990234375
2023-10-27,150.36599731445312,158.8419952392578
2023-10-30,149.73300170898438,158.14599609375
2023-10-31,149.11099243164062,158.26199340820312
2023-11-01,151.29400634765625,160.05799865722656
2023-11-02,150.5749969482422,159.41000366210938
2023-11-03,150.4969940185547,159.75399780273438
2023-11-06,149.44900512695312,160.3820037841797
2023-11-07,149.98899841308594,160.7550048828125
2023-11-08,150.39599609375,160.8520050048828
2023-11-09,150.86399841308594,161.5679931640625
2023-11-10,151.3489990234375,161.4320068359375
2023-11-13,151.468994140625,161.91099548339844
2023-11-14,151.64599609375,162.27000427246094
2023-11-15,150.48500061035156,163.68899536132812
2023-11-16,151.21499633789062,164.1300048828125
2023-11-17,150.7050018310547,163.55599975585938
2023-11-20,149.94200134277344,163.53399658203125
2023-11-21,148.36199951171875,162.37899780273438
2023-11-22,148.15199279785156,161.73599243164062
2023-11-23,149.4600067138672,162.72999572753906
2023-11-24,149.63499450683594,163.16000366210938
2023-11-27,149.5709991455078,163.6280059814453
2023-11-28,148.45199584960938,162.63999938964844
2023-11-29,147.06300354003906,161.8159942626953
2023-11-30,147.03900146484375,161.34300231933594
2023-12-01,147.99899291992188,161.1929931640625
2023-12-04,146.39300537109375,159.38699340820312
2023-12-05,147.32699584960938,159.66299438476562
2023-12-06,147.18499755859375,158.85499572753906
2023-12-07,147.1840057373047,158.4510040283203
2023-12-08,144.2779998779297,155.66900634765625
2023-12-11,144.98300170898438,156.0760040283203
2023-12-12,146.0850067138672,157.2570037841797
2023-12-13,145.27999877929688,156.8679962158203
2023-12-14,142.7729949951172,155.3800048828125
2023-12-15,142.2790069580078,156.4080047607422
2023-12-18,142.31300354003906,155.05099487304688
2023-12-19,142.7220001220703,155.89300537109375
2023-12-20,143.88900756835938,157.9969940185547
2023-12-21,143.5229949951172,157.01699829101562
2023-12-22,142.07000732421875,156.3070068359375
2023-12-25,142.3419952392578,156.7899932861328
2023-12-26,142.22999572753906,156.71200561523438
2023-12-27,142.46099853515625,157.2949981689453
2023-12-28,141.3990020751953,157.06300354003906
2023-12-29,141.42999267578125,156.52699279785156
2024-01-01,140.95199584960938,155.8993377685547
2024-01-02,141.12600708007812,155.76499938964844
2024-01-03,142.15499877929688,155.53599548339844
2024-01-04,142.99899291992188,156.22799682617188
2024-01-05,144.76499938964844,158.46800231933594
2024-01-08,144.71600341796875,158.33999633789062
2024-01-09,144.22999572753906,157.9340057373047
2024-01-10,144.42799377441406,157.88600158691406
2024-01-11,145.73399353027344,159.93899536132812
2024-01-12,145.04600524902344,159.26800537109375
2024-01-15,145.1490020751953,158.86399841308594
2024-01-16,145.79400634765625,159.56300354003906
2024-01-17,147.24600219726562,160.17999267578125
2024-01-18,148.1179962158203,161.22300720214844
2024-01-19,148.1280059814453,161.1269989013672
2024-01-22,148.12100219726562,161.33999633789062
2024-01-23,148.14199829101562,161.13699340820312
2024-01-24,148.25100708007812,160.94900512695312
2024-01-25,147.59100341796875,160.58999633789062
2024-01-26,147.72300720214844,160.218994140625
2024-01-29,148.13999938964844,160.61700439453125
2024-01-30,147.46800231933594,159.75599670410156
2024-01-31,147.36900329589844,159.781005859375
2024-02-01,146.99600219726562,158.7830047607422
2024-02-02,146.4510040283203,159.24899291992188
2024-02-05,148.50100708007812,160.08099365234375
2024-02-06,148.63999938964844,159.65199279785156
2024-02-07,147.8179931640625,158.99099731445312
2024-02-08,148.08599853515625,159.5724334716797
2024-02-09,149.25900268554688,160.8459930419922
2024-02-12,149.16700744628906,161.0679931640625
2024-02-13,149.40499877929688,160.91000366210938
2024-02-14,150.7239990234375,161.38999938964844
2024-02-15,150.54400634765625,161.55996704101562
2024-02-16,149.9459991455078,161.53399658203125
2024-02-19,150.09100341796875,161.86700439453125
2024-02-20,150.27000427246094,161.89300537109375
2024-02-21,149.93899536132812,162.11099243164062
2024-02-22,150.35499572753906,162.6840057373047
2024-02-23,150.48300170898438,162.8979949951172
2024-02-26,150.4980010986328,162.83099365234375
2024-02-27,150.5659942626953,163.3509979248047
2024-02-28,150.4949951171875,163.14700317382812
2024-02-29,150.656005859375,163.24600219726562
2024-03-01,150.09500122070312,162.16700744628906
2024-03-04,150.10499572753906,162.7469940185547
2024-03-05,150.46600341796875,163.31900024414062
2024-03-06,150.0489959716797,162.8719940185547
2024-03-07,149.2689971923828,162.6840057373047
2024-03-08,147.8679962158203,161.9080047607422
2024-03-11,146.7740020751953,160.60899353027344
2024-03-12,146.73199462890625,160.38900756835938
2024-03-13,147.61900329589844,161.29100036621094
2024-03-14,147.62100219726562,161.68699645996094
2024-03-15,148.29600524902344,161.3769989013672
2024-03-18,148.9550018310547,162.0970001220703
2024-03-19,149.1439971923828,162.17300415039062
2024-03-20,151.03500366210938,164.05499267578125
2024-03-21,150.75999450683594,164.87899780273438
2024-03-22,151.63299560546875,164.7030029296875
2024-03-25,151.30499267578125,163.52099609375
2024-03-26,151.3730010986328,164.04800415039062
2024-03-27,151.52999877929688,164.0399932861328
2024-03-28,151.28700256347656,163.5290069580078
2024-03-29,151.44000244140625,163.41000366210938
2024-04-01,151.3979949951172,163.3939971923828
2024-04-02,151.58099365234375,162.75100708007812
2024-04-03,151.5399932861328,163.1790008544922
2024-04-04,151.58099365234375,164.27699279785156
2024-04-05,151.29200744628906,163.94500732421875
2024-04-08,151.69000244140625,164.2830047607422
2024-04-09,151.84300231933594,164.9219970703125
2024-04-10,151.77699279785156,164.802001953125
2024-04-11,152.96400451660156,164.29200744628906
2024-04-12,153.19200134277344,164.31700134277344
2024-04-15,153.2830047607422,163.2100067138672
2024-04-16,154.20599365234375,163.8300018310547
2024-04-17,154.697998046875,164.29600524902344
2024-04-18,154.3419952392578,164.66200256347656
2024-04-19,154.61000061035156,164.5590057373047
2024-04-22,154.63999938964844,164.80999755859375
2024-04-23,154.81300354003906,164.9250030517578
2024-04-24,154.74400329589844,165.61300659179688
2024-04-25,155.25900268554688,166.11599731445312
2024-04-26,155.5970001220703,166.9080047607422
2024-04-29,158.2239990234375,169.39999389648438
2024-04-30,156.31399536132812,167.39599609375
2024-05-01,157.7220001220703,168.21499633789062
2024-05-02,155.70399475097656,166.8800048828125
2024-05-03,153.0449981689453,164.21600341796875
2024-05-06,153.5659942626953,165.2010040283203
2024-05-07,154.23699951171875,166.0780029296875
2024-05-08,154.7480010986328,166.35699462890625
2024-05-09,155.41900634765625,166.99899291992188
2024-05-10,155.38900756835938,167.53399658203125
2024-05-13,155.8179931640625,167.81700134277344
2024-05-14,156.23300170898438,168.58999633789062
2024-05-15,156.4980010986328,169.24099731445312
2024-05-16,154.28199768066406,168.0019989013672
2024-05-17,155.37899780273438,168.85400390625
2024-05-20,155.75399780273438,169.34500122070312
2024-05-21,156.3699951171875,169.82200622558594
2024-05-22,156.25100708007812,169.60699462890625
2024-05-23,156.70399475097656,169.6320037841797
2024-05-24,156.97300720214844,169.71400451660156
2024-05-27,156.8699951171875,170.16099548339844
2024-05-28,156.84500122070312,170.3470001220703
2024-05-29,157.26199340820312,170.6540069580078
2024-05-30,157.60800170898438,170.21600341796875
2024-05-31,156.9530029296875,169.99600219726562
2024-06-03,157.17999267578125,170.5800018310547
2024-06-04,156.0760040283203,170.22799682617188
2024-06-05,155.12399291992188,168.79600524902344
2024-06-06,155.9290008544922,169.55599975585938
2024-06-07,155.69700622558594,169.5749969482422
2024-06-10,156.83299255371094,169.0399932861328
2024-06-11,157.0399932861328,169.02000427246094
2024-06-12,157.10499572753906,168.7209930419922
2024-06-13,156.8000030517578,169.52000427246094
2024-06-14,157.1280059814453,168.7259979248047
2024-06-17,157.54600524902344,168.60400390625
2024-06-18,157.6999969482422,169.36900329589844
2024-06-19,157.87100219726562,169.49400329589844
2024-06-20,157.95799255371094,169.76300048828125
2024-06-21,158.93099975585938,170.1510009765625
2024-06-24,159.86099243164062,170.85000610351562
2024-06-25,159.68600463867188,171.375
2024-06-26,159.68600463867188,171.00999450683594
2024-06-27,160.62100219726562,171.53500366210938
2024-06-28,160.68699645996094,172.06500244140625
2024-07-01,160.90699768066406,172.72999572753906
2024-07-02,161.51199340820312,173.3990020751953
2024-07-03,161.50399780273438,173.5850067138672
2024-07-04,161.62100219726562,174.3939971923828
2024-07-05,161.35800170898438,174.4290008544922
2024-07-08,160.63800048828125,173.9029998779297
2024-07-09,160.85699462890625,174.21299743652344
2024-07-10,161.33099365234375,174.44000244140625
2024-07-11,161.60699462890625,175.0709991455078
2024-07-12,158.2010040283203,172.0070037841797
2024-07-15,158.31300354003906,172.32699584960938
2024-07-16,158.14100646972656,172.33599853515625
2024-07-17,158.35000610351562,172.6179962158203
2024-07-18,155.68600463867188,170.29600524902344
2024-07-19,157.14999389648438,171.31700134277344
2024-07-22,157.4219970703125,171.3000030517578
2024-07-23,156.89100646972656,170.84300231933594
2024-07-24,155.76800537109375,168.98800659179688
2024-07-25,153.89100646972656,166.79400634765625
2024-07-26,153.69700622558594,166.76100158691406
2024-07-29,154.13900756835938,167.28900146484375
2024-07-30,153.83299255371094,166.41000366210938
2024-07-31,152.6699981689453,165.11199951171875
2024-08-01,149.74400329589844,162.072998046875
2024-08-02,149.2010040283203,160.9459991455078
2024-08-05,145.58399963378906,159.85000610351562
2024-08-06,145.7899932861328,157.88999938964844
2024-08-07,144.73199462890625,158.13299560546875
2024-08-08,146.12399291992188,159.6959991455078
2024-08-09,147.66900634765625,161.1909942626953
2024-08-12,147.04200744628906,160.4720001220703
2024-08-13,146.98199462890625,160.71499633789062
2024-08-14,146.9709930419922,161.61300659179688
2024-08-15,147.2530059814453,162.14199829101562
2024-08-16,149.2220001220703,163.7259979248047
2024-08-19,147.95599365234375,163.11700439453125
2024-08-20,146.69900512695312,162.6199951171875
2024-08-21,145.3470001220703,161.73300170898438
2024-08-22,145.1179962158203,161.8800048828125
2024-08-23,146.20199584960938,162.5240020751953
2024-08-26,144.0,161.09800720214844
2024-08-27,144.51600646972656,161.32000732421875
2024-08-28,143.97500610351562,160.9290008544922
2024-08-29,144.43299865722656,160.66099548339844
2024-08-30,144.88999938964844,160.53700256347656
2024-09-02,146.38099670410156,161.6719970703125
2024-09-03,146.7220001220703,162.37399291992188
2024-09-04,145.35299682617188,160.572998046875
2024-09-05,143.32400512695312,158.7830047607422
2024-09-06,143.39300537109375,159.32000732421875
2024-09-09,142.48599243164062,157.97300720214844
2024-09-10,143.177001953125,157.9810028076172
2024-09-11,142.23399353027344,156.73300170898438
2024-09-12,142.58999633789062,157.01300048828125
2024-09-13,141.49899291992188,156.75
2024-09-16,140.7899932861328,156.11500549316406
2024-09-17,140.7899932861328,156.68699645996094
2024-09-18,142.01499938964844,157.96200561523438
2024-09-19,142.7100067138672,158.58399963378906
2024-09-20,142.85800170898438,159.41400146484375
2024-09-23,144.00399780273438,160.71099853515625
2024-09-24,143.63800048828125,159.58900451660156
2024-09-25,142.96299743652344,159.98699951171875
2024-09-26,144.68299865722656,161.0399932861328
2024-09-27,145.0760040283203,162.12600708007812
2024-09-30,142.7830047607422,159.47999572753906
2024-10-01,143.7100067138672,160.03199768066406
2024-10-02,143.73599243164062,159.0240020751953
2024-10-03,146.58200073242188,161.91799926757812
2024-10-04,146.83999633789062,162.04100036621094
2024-10-07,148.82000732421875,163.281005859375
2024-10-08,148.14599609375,162.57400512695312
2024-10-09,148.15899658203125,162.60699462890625
2024-10-10,149.16000366210938,163.2010040283203
2024-10-11,148.70399475097656,162.58200073242188
2024-10-14,149.33399963378906,163.1199951171875
2024-10-15,149.6699981689453,163.2729949951172
2024-10-16,149.0989990234375,162.28500366210938
2024-10-17,149.5760040283203,162.42100524902344
2024-10-18,150.10000610351562,162.5449981689453
2024-10-21,149.60000610351562,162.5850067138672
2024-10-22,150.60499572753906,162.86000061035156
2024-10-23,151.13800048828125,163.17999267578125
2024-10-24,152.7689971923828,164.68600463867188
2024-10-25,151.7830047607422,164.28900146484375
2024-10-28,152.95199584960938,165.12399291992188
2024-10-29,153.1790008544922,165.6840057373047
2024-10-30,153.2740020751953,165.84800720214844
2024-10-31,153.20399475097656,166.3730010986328
2024-11-01,151.97999572753906,165.41099548339844
2024-11-04,152.28700256347656,165.593994140625
2024-11-05,152.2760009765625,165.5749969482422
2024-11-06,151.43499755859375,165.5780029296875
2024-11-07,154.32000732421875,165.60899353027344
2024-11-08,153.17999267578125,165.3520050048828
2024-11-11,152.9040069580078,163.8280029296875
2024-11-12,153.47999572753906,163.61599731445312
2024-11-13,154.65499877929688,164.1929931640625
2024-11-14,155.4290008544922,164.1909942626953
2024-11-15,156.46800231933594,164.75999450683594
2024-11-18,154.66400146484375,162.91400146484375
2024-11-19,154.61700439453125,163.80799865722656
2024-11-20,154.71800231933594,164.10800170898438
2024-11-21,155.2949981689453,163.75999450683594
2024-11-22,154.21800231933594,161.44200134277344
2024-11-25,154.14599609375,161.5330047607422
2024-11-26,154.3780059814453,161.22000122070312
2024-11-27,153.00900268554688,160.50599670410156
2024-11-28,151.33599853515625,159.85299682617188
2024-11-29,151.1739959716797,159.6540069580078
2024-12-02,149.8979949951172,158.05099487304688
2024-12-03,149.50799560546875,156.98699951171875
2024-12-04,149.64700317382812,157.27499389648438
2024-12-05,150.56700134277344,158.2779998779297
2024-12-06,150.20700073242188,158.9884796142578
2024-12-09,150.02999877929688,158.5500030517578
2024-12-10,151.4080047607422,159.8000030517578
2024-12-11,151.8070068359375,159.8719940185547
2024-12-12,152.2449951171875,159.9199981689453
2024-12-13,152.58700561523438,159.81399536132812
2024-12-16,153.4530029296875,161.27000427246094
2024-12-17,154.08599853515625,162.04800415039062
2024-12-18,153.57200622558594,161.16600036621094
2024-12-19,154.67300415039062,160.0749969482422
2024-12-20,157.6439971923828,163.39199829101562
2024-12-23,156.5330047607422,163.3040008544922
2024-12-24,157.1649932861328,163.43600463867188
2024-12-25,157.10699462890625,163.3699951171875
2024-12-26,157.13299560546875,163.4080047607422
2024-12-27,157.7480010986328,164.4550018310547
2024-12-30,157.8730010986328,164.6739959716797
2024-12-31,156.9949951171875,163.38600158691406
2025-01-02,157.718994140625,163.25599670410156
2025-01-03,157.36199951171875,161.55999755859375
2025-01-06,157.4810028076172,162.28199768066406
2025-01-07,157.7429962158203,163.79200744628906
2025-01-08,158.23599243164062,163.66900634765625
2025-01-09,158.19200134277344,163.16200256347656
2025-01-10,158.04800415039062,162.7480010986328
2025-01-13,157.88699340820312,161.73699951171875
2025-01-14,157.36399841308594,161.5290069580078
2025-01-15,158.0500030517578,162.88299560546875
2025-01-16,156.2550048828125,160.85899353027344
2025-01-17,155.3560028076172,160.03500366210938
2025-01-20,156.30599975585938,160.63900756835938
2025-01-21,155.24899291992188,161.77099609375
2025-01-22,155.7740020751953,162.08799743652344
2025-01-23,156.44000244140625,162.8209991455078
2025-01-24,156.15499877929688,162.6320037841797
2025-01-27,155.74400329589844,163.01800537109375
2025-01-28,154.90899658203125,161.78900146484375
2025-01-29,155.5590057373047,162.229248046875
2025-01-30,155.1699981689453,161.75900268554688
2025-01-31,154.0970001220703,160.20700073242188
2025-02-03,155.36300659179688,159.19700622558594
2025-02-04,155.27699279785156,160.3509979248047
2025-02-05,154.13299560546875,159.86300659179688
2025-02-06,152.6060028076172,158.71299743652344
2025-02-07,151.1929931640625,157.01699829101562
2025-02-10,151.8459930419922,156.56900024414062
2025-02-11,151.75900268554688,156.32699584960938
2025-02-12,152.73899841308594,158.29800415039062
2025-02-13,154.2550048828125,160.28799438476562
2025-02-14,152.98899841308594,160.03799438476562
2025-02-17,152.0229949951172,159.45399475097656
2025-02-18,151.44400024414062,158.7790069580078
2025-02-19,151.93099975585938,158.73599243164062
2025-02-20,151.22000122070312,157.58099365234375
2025-02-21,149.4080047607422,156.87899780273438
2025-02-24,149.38699340820312,156.468994140625
2025-02-25,149.86399841308594,156.76400756835938
2025-02-26,149.0780029296875,156.83999633789062
2025-02-27,148.83799743652344,156.10400390625
2025-02-28,150.01199340820312,155.92799377441406
2025-03-03,150.77099609375,156.9969940185547
2025-03-04,149.30499267578125,156.53399658203125
2025-03-05,149.7989959716797,159.14100646972656
2025-03-06,148.8979949951172,160.7209930419922
2025-03-07,148.10800170898438,159.75900268554688
2025-03-10,147.60800170898438,160.30299377441406
2025-03-11,147.06900024414062,159.39999389648438
2025-03-12,148.04200744628906,161.56399536132812
2025-03-13,148.2790069580078,161.40699768066406
2025-03-14,147.94900512695312,160.59800720214844
2025-03-17,148.59800720214844,161.67999267578125
2025-03-18,149.37899780273438,163.09500122070312
2025-03-19,149.45199584960938,163.4759979248047
2025-03-20,148.49000549316406,162.0
2025-03-21,148.5959930419922,161.322998046875
2025-03-24,149.677001953125,162.1750030517578
2025-03-25,150.7740020751953,162.88400268554688
2025-03-26,149.9499969482422,161.74600219726562
2025-03-27,150.47300720214844,161.6199951171875
2025-03-28,150.8470001220703,162.91000366210938
2025-03-31,149.61700439453125,161.93800354003906
2025-04-01,149.91299438476562,162.177001953125
2025-04-02,149.7830047607422,161.6909942626953
2025-04-03,147.8719940185547,161.24200439453125
2025-04-04,146.2310028076172,161.4810028076172
2025-04-07,145.43299865722656,159.72999572753906
2025-04-08,147.78900146484375,161.31100463867188
2025-04-09,145.84500122070312,160.13999938964844
2025-04-10,147.3990020751953,161.41299438476562
2025-04-11,143.7469940185547,161.822998046875
2025-04-14,143.6959991455078,162.97799682617188
2025-04-15,143.2209930419922,162.40199279785156
2025-04-16,143.18099975585938,161.6300048828125
2025-04-17,141.92799377441406,161.71299743652344
2025-04-22,140.87600708007812,162.16400146484375
2025-04-23,142.68800354003906,161.96499633789062
2025-04-24,143.22300720214844,162.2169952392578
2025-04-25,142.87899780273438,162.46299743652344
2025-04-28,143.84100341796875,163.1529998779297
2025-04-29,142.17799377441406,162.2036590576172
2025-04-30,142.2989959716797,162.0570068359375
2025-05-01,143.00900268554688,161.9409942626953
2025-05-02,145.447998046875,164.2969970703125
2025-05-05,144.62399291992188,163.7469940185547
2025-05-06,143.6540069580078,162.5
2025-05-07,143.03500366210938,162.2259979248047
2025-05-08,143.84800720214844,162.61700439453125
2025-05-09,146.01499938964844,163.8769989013672
2025-05-12,145.81199645996094,163.74899291992188
2025-05-13,148.30999755859375,164.5469970703125
2025-05-14,147.5279998779297,165.01100158691406
2025-05-15,146.64999389648438,163.9739990234375
2025-05-16,145.61300659179688,162.96600341796875
2025-05-19,145.29800415039062,162.54200744628906
2025-05-20,144.97500610351562,162.83999633789062
2025-05-21,144.3280029296875,162.91099548339844
2025-05-22,143.7550048828125,162.87600708007812
2025-05-23,143.85800170898438,162.28700256347656
2025-05-26,142.86700439453125,162.46299743652344
2025-05-27,142.65499877929688,162.4499969482422
2025-05-28,144.177001953125,163.44500732421875
2025-05-29,145.69700622558594,163.66200256347656
2025-05-30,143.7790069580078,163.5780029296875
2025-06-02,143.81500244140625,163.2469940185547
2025-06-03,142.45199584960938,163.13787841796875
2025-06-04,143.83700561523438,163.74000549316406
2025-06-05,142.73199462890625,163.02000427246094
2025-06-06,143.54200744628906,164.39700317382812
2025-06-09,144.6909942626953,165.04400634765625
2025-06-10,144.5399932861328,165.16600036621094
2025-06-11,144.83799743652344,165.63299560546875
2025-06-12,144.2030029296875,165.947998046875
2025-06-13,143.19400024414062,166.08299255371094
2025-06-16,144.09100341796875,166.46636962890625
2025-06-17,144.72900390625,167.16000366210938
2025-06-18,145.37600708007812,166.91099548339844
2025-06-19,144.9550018310547,166.3596649169922
2025-06-20,145.21800231933594,167.1529998779297
2025-06-23,146.2239990234375,168.1540069580078
2025-06-24,145.92799377441406,169.2480010986328
2025-06-25,144.95700073242188,168.29800415039062
2025-06-26,144.9040069580078,169.2899932861328
2025-06-27,144.69400024414062,169.15699768066406
2025-06-30,144.51699829101562,169.45399475097656
2025-07-01,143.8000030517578,169.4600067138672
2025-07-02,143.40199279785156,169.2949981689453
2025-07-03,143.5260009765625,169.36199951171875
2025-07-04,144.6820068359375,170.30299377441406
2025-07-07,144.4980010986328,170.218994140625
2025-07-08,145.89199829101562,171.21499633789062
2025-07-09,146.8489990234375,172.16099548339844
2025-07-10,146.11399841308594,171.4010009765625
2025-07-11,146.28799438476562,171.16700744628906
2025-07-14,147.2949981689453,172.05999755859375
2025-07-15,147.79200744628906,172.41000366210938
2025-07-16,148.76100158691406,172.66200256347656
2025-07-17,148.0030059814453,172.2050018310547
2025-07-18,148.44200134277344,172.41299438476562
2025-07-21,148.43099975585938,172.6280059814453
2025-07-22,147.40899658203125,172.3820037841797
2025-07-23,146.78500366210938,172.30499267578125
2025-07-24,146.3489990234375,172.30299377441406
2025-07-25,147.0050048828125,172.80799865722656
2025-07-28,147.81300354003906,173.76699829101562
2025-07-29,148.47900390625,172.17599487304688
2025-07-30,148.44200134277344,171.4510040283203
2025-07-31,149.2259979248047,170.5399932861328
2025-08-01,150.77200317382812,172.22300720214844
2025-08-04,147.34300231933594,170.7050018310547
2025-08-05,146.79299926757812,170.03500366210938
2025-08-06,147.55999755859375,170.8489990234375
2025-08-07,147.1929931640625,171.65499877929688
2025-08-08,146.83700561523438,171.44900512695312
2025-08-11,147.66400146484375,171.99099731445312
2025-08-12,148.125,172.07899475097656
2025-08-13,147.75799560546875,172.5330047607422
2025-08-14,147.1199951171875,172.31399536132812
2025-08-15,147.6909942626953,172.06985473632812
2025-08-18,147.26400756835938,172.38800048828125
2025-08-19,147.91600036621094,172.58399963378906
2025-08-20,147.7310028076172,171.9929962158203
2025-08-21,147.3179931640625,171.6490020751953
2025-08-22,148.38600158691406,172.31500244140625
2025-08-25,147.21499633789062,172.3719940185547
2025-08-26,147.82200622558594,171.6790008544922
2025-08-27,147.46200561523438,171.6179962158203
2025-08-28,147.3159942626953,171.58599853515625
2025-08-29,146.7899932861328,171.4720001220703
2025-09-01,147.0970001220703,171.95899963378906
2025-09-02,147.08399963378906,172.3179931640625
2025-09-03,148.54800415039062,172.81700134277344
2025-09-04,147.97999572753906,172.5469970703125
2025-09-05,148.375,172.95399475097656
2025-09-08,148.343994140625,173.75599670410156
2025-09-09,147.36399841308594,173.42999267578125
2025-09-10,147.39199829101562,172.4810028076172
2025-09-11,147.33200073242188,172.43800354003906
2025-09-12,147.2239990234375,172.76300048828125
2025-09-15,147.66600036621094,173.14500427246094
2025-09-16,147.40499877929688,173.39599609375
2025-09-17,146.41299438476562,173.8000030517578
2025-09-18,146.89100646972656,173.70799255371094
2025-09-19,147.94700622558594,174.4320068359375
2025-09-22,148.09500122070312,173.81199645996094
2025-09-23,147.72500610351562,174.32899475097656
2025-09-24,147.61300659179688,174.3820037841797
2025-09-25,148.75100708007812,174.6959991455078
2025-09-26,149.86099243164062,174.7729949951172
2025-09-29,149.40499877929688,174.8820037841797
2025-09-30,148.59500122070312,174.3179931640625
2025-10-01,147.9969940185547,173.67300415039062
2025-10-02,147.08299255371094,172.57699584960938
2025-10-03,147.14999389648438,172.5290069580078
2025-10-06,149.6060028076172,175.21200561523438
2025-10-07,150.33099365234375,176.03599548339844
2025-10-08,152.05099487304688,177.19700622558594
2025-10-09,152.67999267578125,177.5540008544922
2025-10-10,152.96499633789062,176.93600463867188
2025-10-13,152.05599975585938,176.41400146484375
2025-10-14,152.4340057373047,176.31100463867188
2025-10-15,151.7310028076172,176.04200744628906
2025-10-16,150.9739990234375,175.81900024414062
2025-10-17,150.1199951171875,175.6300048828125
2025-10-20,150.89999389648438,175.9040069580078
2025-10-21,150.7740020751953,175.55599975585938
2025-10-22,151.89300537109375,176.19500732421875
2025-10-23,151.95399475097656,176.39100646972656
2025-10-24,152.6020050048828,177.29100036621094
2025-10-27,153.06100463867188,178.0279998779297
2025-10-28,152.69200134277344,177.90199279785156
2025-10-29,151.7310028076172,176.86700439453125
2025-10-30,152.7220001220703,177.1999969482422
2025-10-31,153.89999389648438,178.0989990234375
2025-11-03,154.19500732421875,177.7449951171875
2025-11-04,154.20399475097656,177.6199951171875
2025-11-05,153.5570068359375,176.35800170898438
2025-11-06,154.072998046875,177.1280059814453
2025-11-07,152.947998046875,176.63600158691406
2025-11-10,153.81700134277344,177.56300354003906
2025-11-11,154.14599609375,178.1439971923828
2025-11-12,154.0749969482422,178.52699279785156
2025-11-13,154.71299743652344,179.33799743652344
2025-11-14,154.63299560546875,179.83200073242188
2025-11-17,154.5850067138672,179.5489959716797
2025-11-18,155.2729949951172,179.96499633789062
2025-11-19,155.54800415039062,180.13299560546875
2025-11-20,156.99200439453125,181.1600036621093
2025-11-21,157.36900329589844,181.5249938964844
2025-11-24,156.68800354003906,180.3070068359375
2025-11-25,156.93899536132812,180.78399658203125
2025-11-26,156.22999572753906,180.6640014648437
2025-11-27,156.23899841308594,181.2680053710937
2025-11-28,156.28399658203125,181.2819976806641
2025-12-01,155.92799377441406,180.8890075683593
2025-12-02,155.5570068359375,180.5599975585937
2025-12-03,155.8070068359375,181.16700744628903
2025-12-04,155.10699462890625,180.9579925537109
2025-12-05,155.14199829101562,180.6199951171875
2025-12-08,155.33999633789062,180.81399536132807
2025-12-09,155.843994140625,181.38999938964844
2025-12-10,156.83799743652344,182.36700439453125
2025-12-11,155.7899932861328,182.2850036621093
2025-12-12,155.56700134277344,182.62399291992188
2025-12-15,155.88800048828125,182.96099853515625
2025-12-16,155.01499938964844,182.21099853515625
2025-12-17,154.7779998779297,181.8489990234375
2025-12-18,155.4949951171875,182.572998046875
2025-12-19,155.58599853515625,182.4250030517578
2025-12-20,157.75,
